gene	exposed1	exposed2	exposed3
CDN75_RS00035	2	2	2
CDN75_RS00040	2	2	2
CDN75_RS00050	2	2	2
CDN75_RS00060	2	2	2
CDN75_RS00075	2	2	2
CDN75_RS00080	2	2	2
CDN75_RS00085	2	2	2
CDN75_RS00090	2	2	2
CDN75_RS00095	2	2	2
CDN75_RS00100	2	2	2
CDN75_RS00110	2	2	2
CDN75_RS00125	2	2	3
CDN75_RS00135	1	2	2
CDN75_RS00140	2	2	2
CDN75_RS00150	2	1	2
CDN75_RS00155	2	2	3
CDN75_RS00165	2	2	2
CDN75_RS00170	2	2	2
CDN75_RS00175	2	2	2
CDN75_RS00180	1	2	2
CDN75_RS00185	1	2	3
CDN75_RS00190	2	2	3
CDN75_RS00195	1	2	3
CDN75_RS00200	2	2	3
CDN75_RS00205	2	2	3
CDN75_RS00210	2	2	3
CDN75_RS00230	2	2	2
CDN75_RS00235	2	2	1
CDN75_RS00240	2	2	2
CDN75_RS00245	2	2	1
CDN75_RS00260	2	2	2
CDN75_RS00265	2	2	2
CDN75_RS00270	2	2	2
CDN75_RS00280	2	2	2
CDN75_RS00285	2	2	2
CDN75_RS00290	2	2	2
CDN75_RS00295	2	2	2
CDN75_RS00300	2	2	2
CDN75_RS00305	2	2	2
CDN75_RS00310	1	2	2
CDN75_RS00315	2	2	2
CDN75_RS00320	2	2	2
CDN75_RS00325	2	2	2
CDN75_RS00330	2	2	2
CDN75_RS00335	2	2	3
CDN75_RS00340	2	2	2
CDN75_RS00345	2	2	2
CDN75_RS00355	2	2	2
CDN75_RS00360	2	2	2
CDN75_RS00370	2	2	2
CDN75_RS00375	2	3	2
CDN75_RS00380	2	2	2
CDN75_RS00385	2	2	2
CDN75_RS00390	2	2	2
CDN75_RS00400	2	2	1
CDN75_RS00405	2	2	1
CDN75_RS00410	2	2	1
CDN75_RS00415	2	2	2
CDN75_RS00420	2	2	2
CDN75_RS00435	2	2	2
CDN75_RS00440	2	2	2
CDN75_RS00445	2	2	1
CDN75_RS00450	2	2	2
CDN75_RS00460	2	2	3
CDN75_RS00470	2	2	2
CDN75_RS00475	2	2	2
CDN75_RS00480	2	2	2
CDN75_RS00485	2	2	2
CDN75_RS00490	2	2	2
CDN75_RS00495	2	2	2
CDN75_RS00500	2	2	2
CDN75_RS00505	2	2	2
CDN75_RS00510	2	2	2
CDN75_RS00515	2	2	2
CDN75_RS00525	2	2	2
CDN75_RS00530	2	2	2
CDN75_RS00535	2	2	2
CDN75_RS00540	2	2	2
CDN75_RS00545	2	2	2
CDN75_RS00550	2	2	2
CDN75_RS00555	2	2	2
CDN75_RS00560	2	2	2
CDN75_RS00570	2	2	1
CDN75_RS00580	2	2	1
CDN75_RS00585	2	2	2
CDN75_RS00590	2	2	2
CDN75_RS00595	2	2	2
CDN75_RS00600	2	2	2
CDN75_RS00605	2	2	1
CDN75_RS00610	3	2	1
CDN75_RS00615	2	2	1
CDN75_RS00620	2	2	2
CDN75_RS00625	2	2	2
CDN75_RS00630	2	2	2
CDN75_RS00635	2	2	2
CDN75_RS00645	2	2	2
CDN75_RS00650	2	2	2
CDN75_RS00655	2	2	2
CDN75_RS00660	2	2	2
CDN75_RS00665	2	2	2
CDN75_RS00670	2	2	2
CDN75_RS00685	2	2	2
CDN75_RS00690	2	2	2
CDN75_RS00695	2	2	2
CDN75_RS00700	2	2	2
CDN75_RS00705	2	2	2
CDN75_RS00710	2	2	2
CDN75_RS00715	2	2	2
CDN75_RS00720	2	2	2
CDN75_RS00730	2	2	3
CDN75_RS00735	2	2	2
CDN75_RS00745	2	2	2
CDN75_RS00755	2	2	2
CDN75_RS00760	2	2	2
CDN75_RS00765	2	2	2
CDN75_RS00770	2	2	2
CDN75_RS00775	2	2	2
CDN75_RS00780	2	2	2
CDN75_RS00785	2	2	2
CDN75_RS00790	1	2	2
CDN75_RS00795	2	1	2
CDN75_RS00800	2	2	2
CDN75_RS00805	2	2	2
CDN75_RS00810	2	2	2
CDN75_RS00815	2	2	2
CDN75_RS00820	3	2	1
CDN75_RS00825	2	2	2
CDN75_RS00830	2	2	2
CDN75_RS00835	2	2	2
CDN75_RS00840	2	2	2
CDN75_RS00845	2	2	2
CDN75_RS00850	2	3	2
CDN75_RS00855	2	2	1
CDN75_RS00860	2	2	2
CDN75_RS00865	2	2	2
CDN75_RS00870	2	2	2
CDN75_RS00875	2	2	2
CDN75_RS00880	2	2	2
CDN75_RS00885	2	2	2
CDN75_RS00900	2	2	2
CDN75_RS00905	2	2	2
CDN75_RS00915	2	2	2
CDN75_RS00920	2	2	2
CDN75_RS00925	2	2	2
CDN75_RS00930	2	2	2
CDN75_RS00935	2	2	2
CDN75_RS00940	2	2	2
CDN75_RS00945	2	2	2
CDN75_RS00955	2	2	2
CDN75_RS00960	2	2	1
CDN75_RS00965	2	2	1
CDN75_RS00970	2	2	1
CDN75_RS00980	2	2	1
CDN75_RS00985	2	2	3
CDN75_RS00990	2	2	2
CDN75_RS00995	2	2	2
CDN75_RS01000	2	2	2
CDN75_RS01010	2	2	3
CDN75_RS01015	2	2	2
CDN75_RS01020	2	2	2
CDN75_RS01030	2	2	2
CDN75_RS01035	2	2	3
CDN75_RS01040	2	2	2
CDN75_RS01045	2	2	2
CDN75_RS01050	2	2	2
CDN75_RS01055	2	2	2
CDN75_RS01060	2	2	2
CDN75_RS01065	2	2	3
CDN75_RS01070	2	2	3
CDN75_RS01075	2	2	2
CDN75_RS01080	2	2	2
CDN75_RS01085	2	2	2
CDN75_RS01090	2	2	2
CDN75_RS01095	2	2	2
CDN75_RS01100	2	2	3
CDN75_RS01105	2	2	2
CDN75_RS01110	2	2	2
CDN75_RS01115	2	2	2
CDN75_RS01120	2	2	2
CDN75_RS01125	2	2	2
CDN75_RS01130	2	2	2
CDN75_RS01135	2	2	2
CDN75_RS01140	2	2	2
CDN75_RS01150	2	2	2
CDN75_RS01160	2	2	2
CDN75_RS01165	2	2	1
CDN75_RS01170	2	2	1
CDN75_RS01180	2	2	3
CDN75_RS01185	2	2	2
CDN75_RS01190	2	2	2
CDN75_RS01195	2	2	2
CDN75_RS01200	2	2	2
CDN75_RS01205	2	2	2
CDN75_RS01210	2	2	2
CDN75_RS01215	2	2	2
CDN75_RS01220	2	2	2
CDN75_RS01225	2	2	2
CDN75_RS01230	2	2	2
CDN75_RS01235	2	3	2
CDN75_RS01240	2	2	2
CDN75_RS01245	2	2	2
CDN75_RS01250	2	2	3
CDN75_RS01255	2	2	2
CDN75_RS01260	2	2	2
CDN75_RS01265	2	2	2
CDN75_RS01270	2	2	2
CDN75_RS01275	2	2	2
CDN75_RS01280	2	2	2
CDN75_RS01290	2	2	3
CDN75_RS01295	2	2	2
CDN75_RS01300	2	2	2
CDN75_RS01305	2	2	3
CDN75_RS01310	2	2	2
CDN75_RS01320	2	2	2
CDN75_RS01325	2	2	2
CDN75_RS01330	2	2	2
CDN75_RS01335	2	2	2
CDN75_RS01340	2	2	2
CDN75_RS01345	2	2	2
CDN75_RS01350	2	2	2
CDN75_RS01355	2	2	2
CDN75_RS01360	2	2	2
CDN75_RS01365	2	2	2
CDN75_RS01370	2	2	2
CDN75_RS01375	2	2	2
CDN75_RS01380	2	2	2
CDN75_RS01385	2	2	2
CDN75_RS01390	2	2	2
CDN75_RS01395	2	2	2
CDN75_RS01400	2	2	2
CDN75_RS01405	2	2	2
CDN75_RS01415	2	2	1
CDN75_RS01420	2	2	2
CDN75_RS01425	2	2	2
CDN75_RS01430	2	2	2
CDN75_RS01435	2	2	2
CDN75_RS01440	2	2	2
CDN75_RS01445	2	2	2
CDN75_RS01450	2	2	2
CDN75_RS01460	2	2	2
CDN75_RS01465	2	2	2
CDN75_RS01470	2	2	2
CDN75_RS01475	2	2	3
CDN75_RS01480	2	2	3
CDN75_RS01485	2	2	2
CDN75_RS01490	2	2	2
CDN75_RS01495	2	2	2
CDN75_RS01505	2	2	2
CDN75_RS01510	2	2	2
CDN75_RS01515	2	2	2
CDN75_RS01525	2	2	2
CDN75_RS01530	2	2	2
CDN75_RS01540	2	2	2
CDN75_RS01545	2	2	2
CDN75_RS01550	2	2	2
CDN75_RS01560	2	2	2
CDN75_RS01565	2	2	2
CDN75_RS01570	2	2	2
CDN75_RS01575	2	2	3
CDN75_RS01580	2	2	1
CDN75_RS01585	2	2	1
CDN75_RS01590	2	2	2
CDN75_RS01595	2	2	2
CDN75_RS01600	3	2	2
CDN75_RS01605	2	2	2
CDN75_RS01610	2	2	1
CDN75_RS01620	2	2	2
CDN75_RS01625	2	3	2
CDN75_RS01635	2	2	3
CDN75_RS01640	2	2	2
CDN75_RS01645	2	2	2
CDN75_RS01650	2	2	2
CDN75_RS01655	2	2	2
CDN75_RS01665	2	2	3
CDN75_RS01670	2	2	2
CDN75_RS01680	2	2	2
CDN75_RS01685	2	2	2
CDN75_RS01710	2	2	2
CDN75_RS01720	2	2	2
CDN75_RS01725	2	2	2
CDN75_RS01730	2	2	1
CDN75_RS01735	2	2	3
CDN75_RS01740	2	2	2
CDN75_RS01745	2	2	2
CDN75_RS01755	2	2	3
CDN75_RS01760	2	2	2
CDN75_RS01765	2	2	2
CDN75_RS01770	2	2	2
CDN75_RS01775	2	2	2
CDN75_RS01780	3	2	2
CDN75_RS01785	2	2	2
CDN75_RS01790	2	2	2
CDN75_RS01795	2	2	2
CDN75_RS01800	2	2	2
CDN75_RS01805	2	2	2
CDN75_RS01815	1	2	2
CDN75_RS01820	2	2	2
CDN75_RS01825	2	2	2
CDN75_RS01830	2	2	2
CDN75_RS01835	2	2	2
CDN75_RS01840	2	2	2
CDN75_RS01845	2	2	2
CDN75_RS01850	2	2	2
CDN75_RS01855	2	2	2
CDN75_RS01860	2	2	2
CDN75_RS01865	2	2	2
CDN75_RS01870	2	2	2
CDN75_RS01875	2	2	3
CDN75_RS01885	2	2	2
CDN75_RS01890	2	2	2
CDN75_RS01905	2	2	2
CDN75_RS01910	2	2	2
CDN75_RS01915	2	2	1
CDN75_RS01920	2	2	1
CDN75_RS01925	2	2	2
CDN75_RS01930	2	2	2
CDN75_RS01935	2	2	2
CDN75_RS01940	2	2	2
CDN75_RS01945	2	2	2
CDN75_RS01950	2	2	2
CDN75_RS01970	2	2	2
CDN75_RS01975	2	2	2
CDN75_RS01980	2	2	2
CDN75_RS01985	2	2	2
CDN75_RS01990	2	2	3
CDN75_RS01995	2	2	2
CDN75_RS02005	2	2	2
CDN75_RS02015	2	2	2
CDN75_RS02020	2	2	2
CDN75_RS02025	2	2	3
CDN75_RS02030	2	2	2
CDN75_RS02035	2	2	2
CDN75_RS02040	2	2	2
CDN75_RS02050	2	2	2
CDN75_RS02055	2	2	2
CDN75_RS02060	2	2	2
CDN75_RS02065	2	2	2
CDN75_RS02070	2	2	2
CDN75_RS02075	2	2	2
CDN75_RS02080	2	2	2
CDN75_RS02085	2	2	2
CDN75_RS02090	3	2	2
CDN75_RS02095	3	2	2
CDN75_RS02100	2	2	2
CDN75_RS02105	2	2	2
CDN75_RS02110	2	2	2
CDN75_RS02115	2	2	2
CDN75_RS02125	2	2	2
CDN75_RS02130	2	2	2
CDN75_RS02135	2	2	2
CDN75_RS02140	2	2	2
CDN75_RS02150	2	2	3
CDN75_RS02155	2	2	3
CDN75_RS02160	2	2	3
CDN75_RS02175	2	2	2
CDN75_RS02180	2	2	2
CDN75_RS02185	2	2	3
CDN75_RS02190	2	1	3
CDN75_RS02215	2	2	1
CDN75_RS02220	2	2	2
CDN75_RS02225	2	2	2
CDN75_RS02230	2	2	3
CDN75_RS02235	2	2	2
CDN75_RS02240	2	2	2
CDN75_RS02245	1	2	2
CDN75_RS02250	2	2	2
CDN75_RS02255	2	2	2
CDN75_RS02260	2	2	2
CDN75_RS02275	2	2	2
CDN75_RS02285	2	2	1
CDN75_RS02290	2	2	2
CDN75_RS02295	2	2	2
CDN75_RS02300	2	2	3
CDN75_RS02305	2	2	3
CDN75_RS02310	2	2	2
CDN75_RS02315	2	2	3
CDN75_RS02320	2	2	3
CDN75_RS02330	2	2	3
CDN75_RS02335	2	2	2
CDN75_RS02340	2	2	2
CDN75_RS02345	2	2	2
CDN75_RS02350	2	2	2
CDN75_RS02355	2	2	2
CDN75_RS02360	1	2	2
CDN75_RS02365	2	2	2
CDN75_RS02370	2	2	2
CDN75_RS02375	2	2	2
CDN75_RS02380	2	2	3
CDN75_RS02385	2	2	3
CDN75_RS02390	2	2	2
CDN75_RS02395	2	2	2
CDN75_RS02400	2	2	2
CDN75_RS02405	2	2	1
CDN75_RS02410	2	2	3
CDN75_RS02415	2	2	2
CDN75_RS02420	3	2	2
CDN75_RS02425	2	2	2
CDN75_RS02430	2	1	2
CDN75_RS02435	2	2	2
CDN75_RS02440	2	3	2
CDN75_RS02460	2	2	2
CDN75_RS02465	2	2	2
CDN75_RS02480	2	2	2
CDN75_RS02485	2	2	2
CDN75_RS02490	3	2	2
CDN75_RS02495	2	2	2
CDN75_RS02500	2	2	2
CDN75_RS02505	2	2	2
CDN75_RS02510	2	2	2
CDN75_RS02515	2	2	2
CDN75_RS02520	2	2	2
CDN75_RS02525	2	2	3
CDN75_RS02535	2	2	2
CDN75_RS02550	2	2	2
CDN75_RS02555	2	2	2
CDN75_RS02560	2	2	2
CDN75_RS02565	2	2	3
CDN75_RS02570	2	1	2
CDN75_RS02575	1	2	3
CDN75_RS02580	2	2	3
CDN75_RS02585	2	2	2
CDN75_RS02590	2	2	2
CDN75_RS02595	2	2	2
CDN75_RS02600	1	2	2
CDN75_RS02605	1	2	2
CDN75_RS02610	2	3	2
CDN75_RS02615	2	2	2
CDN75_RS02620	2	2	3
CDN75_RS02625	2	2	2
CDN75_RS02630	2	2	2
CDN75_RS02635	2	2	2
CDN75_RS02640	2	2	2
CDN75_RS02645	2	2	2
CDN75_RS02650	2	2	2
CDN75_RS02660	2	2	2
CDN75_RS02665	2	3	2
CDN75_RS02670	2	2	2
CDN75_RS02675	2	2	2
CDN75_RS02680	2	2	2
CDN75_RS02690	2	3	1
CDN75_RS02695	2	2	1
CDN75_RS02700	2	2	2
CDN75_RS02710	2	2	3
CDN75_RS02715	1	2	3
CDN75_RS02725	3	2	2
CDN75_RS02730	2	2	2
CDN75_RS02735	2	2	3
CDN75_RS02740	2	2	2
CDN75_RS02745	2	2	3
CDN75_RS02750	2	2	2
CDN75_RS02755	2	2	2
CDN75_RS02760	1	2	2
CDN75_RS02765	2	2	2
CDN75_RS02770	1	2	2
CDN75_RS02775	2	2	2
CDN75_RS02780	2	2	2
CDN75_RS02785	2	2	2
CDN75_RS02790	2	2	2
CDN75_RS02795	2	2	1
CDN75_RS02810	2	2	3
CDN75_RS02815	2	2	2
CDN75_RS02820	2	2	2
CDN75_RS02830	2	2	2
CDN75_RS02840	2	2	2
CDN75_RS02845	2	2	2
CDN75_RS02870	2	2	2
CDN75_RS02875	2	2	2
CDN75_RS02885	2	2	2
CDN75_RS02890	2	2	2
CDN75_RS02895	2	2	2
CDN75_RS02900	2	2	2
CDN75_RS02905	2	2	3
CDN75_RS02910	2	2	2
CDN75_RS02915	2	2	2
CDN75_RS02920	2	2	2
CDN75_RS02925	2	2	2
CDN75_RS02930	2	2	2
CDN75_RS02935	2	2	2
CDN75_RS02940	2	2	1
CDN75_RS02945	2	2	2
CDN75_RS02950	2	2	2
CDN75_RS02955	2	2	2
CDN75_RS02965	2	1	2
CDN75_RS02970	2	2	2
CDN75_RS02975	2	2	2
CDN75_RS02980	2	2	2
CDN75_RS02985	2	2	2
CDN75_RS02995	2	2	2
CDN75_RS03000	2	2	2
CDN75_RS03005	2	2	2
CDN75_RS03010	2	2	2
CDN75_RS03020	2	2	2
CDN75_RS03025	2	2	2
CDN75_RS03030	2	2	2
CDN75_RS03035	2	2	2
CDN75_RS03040	1	2	2
CDN75_RS03045	2	2	2
CDN75_RS03050	2	2	3
CDN75_RS03055	2	2	2
CDN75_RS03060	2	2	2
CDN75_RS03065	2	2	2
CDN75_RS03070	2	2	2
CDN75_RS03075	2	2	2
CDN75_RS03080	2	2	2
CDN75_RS03085	2	2	2
CDN75_RS03090	2	2	3
CDN75_RS03095	2	2	1
CDN75_RS03100	2	2	2
CDN75_RS03105	2	2	2
CDN75_RS03110	2	2	2
CDN75_RS03115	2	2	2
CDN75_RS03120	2	2	2
CDN75_RS03130	2	2	2
CDN75_RS03135	2	2	2
CDN75_RS03140	2	2	2
CDN75_RS03145	2	2	2
CDN75_RS03150	2	2	2
CDN75_RS03155	2	2	2
CDN75_RS03160	2	2	2
CDN75_RS03165	2	2	2
CDN75_RS03170	2	2	2
CDN75_RS03180	2	2	2
CDN75_RS03185	2	2	2
CDN75_RS03190	2	2	2
CDN75_RS03195	2	2	2
CDN75_RS03200	2	2	2
CDN75_RS03205	2	2	2
CDN75_RS03210	2	2	2
CDN75_RS03220	2	2	2
CDN75_RS03225	2	2	2
CDN75_RS03230	2	2	2
CDN75_RS03235	2	2	2
CDN75_RS03240	2	2	2
CDN75_RS03245	2	2	3
CDN75_RS03250	2	2	2
CDN75_RS03255	2	2	2
CDN75_RS03260	2	2	3
CDN75_RS03265	2	2	2
CDN75_RS03270	2	2	2
CDN75_RS03275	2	2	2
CDN75_RS03280	2	2	2
CDN75_RS03285	2	2	2
CDN75_RS03290	2	2	2
CDN75_RS03295	2	2	3
CDN75_RS03300	2	2	2
CDN75_RS03305	2	2	2
CDN75_RS03315	2	2	2
CDN75_RS03320	2	2	2
CDN75_RS03325	2	2	2
CDN75_RS03330	2	2	3
CDN75_RS03335	2	2	2
CDN75_RS03340	2	2	2
CDN75_RS03345	2	2	2
CDN75_RS03350	1	2	2
CDN75_RS03355	3	2	2
CDN75_RS03360	2	2	2
CDN75_RS03365	2	2	3
CDN75_RS03370	2	2	2
CDN75_RS03375	2	2	2
CDN75_RS03380	2	2	3
CDN75_RS03385	2	2	2
CDN75_RS03390	2	2	2
CDN75_RS03395	2	2	1
CDN75_RS03400	2	2	2
CDN75_RS03405	2	2	2
CDN75_RS03410	2	2	2
CDN75_RS03415	2	2	3
CDN75_RS03420	2	2	3
CDN75_RS03425	2	2	3
CDN75_RS03430	2	2	3
CDN75_RS03435	2	2	3
CDN75_RS03440	2	2	3
CDN75_RS03445	2	2	3
CDN75_RS03450	2	2	3
CDN75_RS03455	2	2	2
CDN75_RS03460	2	2	2
CDN75_RS03470	2	2	2
CDN75_RS03475	3	2	2
CDN75_RS03480	2	3	1
CDN75_RS03485	2	2	2
CDN75_RS03490	2	2	2
CDN75_RS03495	2	2	2
CDN75_RS03500	2	2	2
CDN75_RS03505	2	2	1
CDN75_RS03510	2	2	2
CDN75_RS03515	2	2	2
CDN75_RS03525	2	2	2
CDN75_RS03530	2	2	2
CDN75_RS03535	2	2	2
CDN75_RS03540	2	2	2
CDN75_RS03545	2	2	2
CDN75_RS03550	2	2	2
CDN75_RS03560	2	2	2
CDN75_RS03565	2	2	2
CDN75_RS03570	2	2	2
CDN75_RS03575	2	2	2
CDN75_RS03580	2	2	2
CDN75_RS03585	2	2	2
CDN75_RS03590	2	2	2
CDN75_RS03595	2	2	2
CDN75_RS03600	2	2	2
CDN75_RS03605	2	2	2
CDN75_RS03610	2	2	2
CDN75_RS03615	2	2	2
CDN75_RS03620	2	2	2
CDN75_RS03625	2	2	2
CDN75_RS03630	2	2	2
CDN75_RS03635	2	2	2
CDN75_RS03640	2	2	2
CDN75_RS03655	2	2	2
CDN75_RS03660	2	2	2
CDN75_RS03665	2	2	3
CDN75_RS03670	2	2	2
CDN75_RS03675	2	2	2
CDN75_RS03680	2	2	2
CDN75_RS03685	2	2	2
CDN75_RS03690	2	2	2
CDN75_RS03695	2	2	2
CDN75_RS03700	1	2	2
CDN75_RS03705	2	2	2
CDN75_RS03710	2	2	3
CDN75_RS03715	2	2	2
CDN75_RS03720	2	2	2
CDN75_RS03725	2	2	2
CDN75_RS03730	2	2	2
CDN75_RS03735	2	2	2
CDN75_RS03740	2	2	2
CDN75_RS03750	2	2	2
CDN75_RS03755	2	2	2
CDN75_RS03760	2	2	2
CDN75_RS03765	2	3	2
CDN75_RS03770	2	2	2
CDN75_RS03775	2	2	2
CDN75_RS03780	2	2	2
CDN75_RS03785	2	2	2
CDN75_RS03790	2	2	2
CDN75_RS03795	2	2	3
CDN75_RS03805	2	2	2
CDN75_RS03810	2	2	2
CDN75_RS03815	2	2	1
CDN75_RS03820	2	2	2
CDN75_RS03825	2	2	2
CDN75_RS03830	2	2	2
CDN75_RS03835	2	2	2
CDN75_RS03840	2	2	2
CDN75_RS03845	2	2	2
CDN75_RS03850	2	2	2
CDN75_RS03855	2	2	2
CDN75_RS03860	2	2	2
CDN75_RS03865	1	2	2
CDN75_RS03870	2	2	2
CDN75_RS03875	2	2	2
CDN75_RS03880	2	2	2
CDN75_RS03890	2	2	2
CDN75_RS03900	2	2	2
CDN75_RS03905	2	2	2
CDN75_RS03910	2	2	2
CDN75_RS03915	2	2	2
CDN75_RS03920	2	2	2
CDN75_RS03925	2	2	2
CDN75_RS03930	2	2	2
CDN75_RS03935	2	2	2
CDN75_RS03940	2	2	2
CDN75_RS03945	2	2	2
CDN75_RS03950	2	2	2
CDN75_RS03955	2	2	2
CDN75_RS03960	2	2	2
CDN75_RS03965	2	2	2
CDN75_RS03970	2	2	2
CDN75_RS03975	2	2	2
CDN75_RS03980	2	2	2
CDN75_RS03985	2	2	3
CDN75_RS03990	2	2	3
CDN75_RS03995	2	2	2
CDN75_RS04000	2	2	1
CDN75_RS04005	2	2	2
CDN75_RS04010	2	3	2
CDN75_RS04015	2	2	2
CDN75_RS04020	2	2	2
CDN75_RS04025	2	2	2
CDN75_RS04030	2	2	2
CDN75_RS04035	2	2	2
CDN75_RS04040	2	2	3
CDN75_RS04045	3	2	2
CDN75_RS04050	2	2	2
CDN75_RS04055	2	2	3
CDN75_RS04060	2	3	1
CDN75_RS04065	2	2	1
CDN75_RS04070	2	2	2
CDN75_RS04075	3	2	2
CDN75_RS04080	2	2	3
CDN75_RS04090	2	2	2
CDN75_RS04095	2	2	2
CDN75_RS04100	2	2	2
CDN75_RS04105	2	2	2
CDN75_RS04110	2	2	2
CDN75_RS04115	2	2	2
CDN75_RS04120	2	2	3
CDN75_RS04125	2	2	2
CDN75_RS04130	2	2	2
CDN75_RS04135	2	2	2
CDN75_RS04140	2	2	2
CDN75_RS04145	2	2	3
CDN75_RS04150	2	2	2
CDN75_RS04155	2	2	2
CDN75_RS04160	2	2	2
CDN75_RS04175	2	2	1
CDN75_RS04180	3	2	2
CDN75_RS04185	2	2	2
CDN75_RS04190	2	2	2
CDN75_RS04200	2	2	1
CDN75_RS04205	2	2	2
CDN75_RS04210	2	2	2
CDN75_RS04215	2	2	2
CDN75_RS04225	2	2	2
CDN75_RS04230	2	3	2
CDN75_RS04235	2	2	3
CDN75_RS04245	2	2	3
CDN75_RS04255	2	2	2
CDN75_RS04260	2	2	2
CDN75_RS04265	2	2	2
CDN75_RS04270	2	2	2
CDN75_RS04275	2	2	2
CDN75_RS04280	2	2	3
CDN75_RS04285	2	2	2
CDN75_RS04290	2	2	2
CDN75_RS04295	2	2	3
CDN75_RS04300	2	2	2
CDN75_RS04305	2	2	2
CDN75_RS04310	2	2	2
CDN75_RS04315	2	2	2
CDN75_RS04320	2	2	2
CDN75_RS04325	2	2	2
CDN75_RS04330	2	2	2
CDN75_RS04335	2	2	2
CDN75_RS04340	2	2	2
CDN75_RS04345	2	2	2
CDN75_RS04350	2	2	3
CDN75_RS04355	2	2	2
CDN75_RS04360	2	2	2
CDN75_RS04365	2	2	2
CDN75_RS04370	2	2	2
CDN75_RS04375	2	2	2
CDN75_RS04380	2	2	2
CDN75_RS04385	2	2	2
CDN75_RS04390	2	2	2
CDN75_RS04395	2	2	2
CDN75_RS04400	2	2	2
CDN75_RS04405	2	2	2
CDN75_RS04410	2	2	2
CDN75_RS04415	2	2	2
CDN75_RS04420	2	2	2
CDN75_RS04425	2	1	2
CDN75_RS04430	2	2	1
CDN75_RS04435	2	2	2
CDN75_RS04440	2	2	2
CDN75_RS04445	2	2	2
CDN75_RS04450	2	2	2
CDN75_RS04455	2	2	2
CDN75_RS04460	2	2	2
CDN75_RS04465	2	2	2
CDN75_RS04470	2	2	2
CDN75_RS04475	2	2	2
CDN75_RS04480	2	2	2
CDN75_RS04485	2	2	2
CDN75_RS04490	2	2	2
CDN75_RS04495	2	2	2
CDN75_RS04505	2	2	2
CDN75_RS04510	2	2	2
CDN75_RS04515	2	2	2
CDN75_RS04520	2	2	2
CDN75_RS04525	2	2	2
CDN75_RS04530	2	2	2
CDN75_RS04535	2	2	2
CDN75_RS04540	2	2	1
CDN75_RS04545	2	2	2
CDN75_RS04550	2	2	1
CDN75_RS04555	2	2	1
CDN75_RS04560	2	3	2
CDN75_RS04565	2	2	1
CDN75_RS04570	2	2	1
CDN75_RS04575	2	2	1
CDN75_RS04580	2	2	2
CDN75_RS04585	2	2	2
CDN75_RS04590	2	2	2
CDN75_RS04595	2	2	3
CDN75_RS04600	2	2	3
CDN75_RS04605	2	2	2
CDN75_RS04610	2	2	2
CDN75_RS04615	2	2	2
CDN75_RS04625	2	2	2
CDN75_RS04630	2	2	2
CDN75_RS04640	2	2	2
CDN75_RS04645	2	2	2
CDN75_RS04650	2	2	2
CDN75_RS04655	2	2	2
CDN75_RS04660	2	2	2
CDN75_RS04665	3	2	1
CDN75_RS04670	3	2	1
CDN75_RS04675	2	2	2
CDN75_RS04680	2	2	2
CDN75_RS04685	2	2	2
CDN75_RS04690	2	2	2
CDN75_RS04695	2	2	1
CDN75_RS04700	2	2	2
CDN75_RS04705	2	2	2
CDN75_RS04710	2	2	2
CDN75_RS04715	2	2	2
CDN75_RS04720	2	2	2
CDN75_RS04725	2	2	2
CDN75_RS04730	2	2	1
CDN75_RS04735	2	2	1
CDN75_RS04745	2	2	1
CDN75_RS04750	2	2	1
CDN75_RS04755	2	2	1
CDN75_RS04760	2	2	3
CDN75_RS04765	2	2	2
CDN75_RS04775	2	2	2
CDN75_RS04780	2	2	1
CDN75_RS04785	2	2	2
CDN75_RS04790	2	2	2
CDN75_RS04810	2	2	2
CDN75_RS04820	2	2	1
CDN75_RS04825	2	2	2
CDN75_RS04830	2	2	1
CDN75_RS04835	2	2	1
CDN75_RS04840	2	2	1
CDN75_RS04845	2	2	2
CDN75_RS04850	2	2	1
CDN75_RS04855	2	2	2
CDN75_RS04860	2	2	1
CDN75_RS04865	2	2	1
CDN75_RS04870	2	2	1
CDN75_RS04875	2	2	1
CDN75_RS04880	2	2	2
CDN75_RS04885	2	2	2
CDN75_RS04890	2	2	2
CDN75_RS04895	2	2	3
CDN75_RS04900	2	2	3
CDN75_RS04905	2	2	2
CDN75_RS04915	2	2	2
CDN75_RS04920	2	2	2
CDN75_RS04925	2	2	2
CDN75_RS04930	2	2	2
CDN75_RS04935	2	2	2
CDN75_RS04940	2	2	2
CDN75_RS04945	1	2	2
CDN75_RS04960	2	2	3
CDN75_RS04965	2	2	2
CDN75_RS04970	2	2	2
CDN75_RS04975	2	2	2
CDN75_RS04980	2	2	2
CDN75_RS04985	2	2	2
CDN75_RS04990	2	2	2
CDN75_RS04995	2	2	2
CDN75_RS05005	2	2	1
CDN75_RS05010	3	2	1
CDN75_RS05015	3	2	2
CDN75_RS05020	2	2	2
CDN75_RS05030	2	2	2
CDN75_RS05035	2	2	2
CDN75_RS05040	2	2	2
CDN75_RS05055	2	2	2
CDN75_RS05060	2	2	3
CDN75_RS05065	1	2	2
CDN75_RS05070	2	2	2
CDN75_RS05075	2	2	2
CDN75_RS05080	2	2	3
CDN75_RS05085	2	2	2
CDN75_RS05090	2	2	2
CDN75_RS05095	2	2	2
CDN75_RS05100	2	2	2
CDN75_RS05110	2	2	2
CDN75_RS05135	2	2	2
CDN75_RS05150	2	3	2
CDN75_RS05155	2	3	2
CDN75_RS05160	2	2	2
CDN75_RS05165	2	2	2
CDN75_RS05170	2	2	2
CDN75_RS05175	2	2	2
CDN75_RS05180	2	2	2
CDN75_RS05190	2	2	2
CDN75_RS05195	2	2	2
CDN75_RS05200	2	2	2
CDN75_RS05205	2	2	2
CDN75_RS05210	2	2	2
CDN75_RS05220	2	2	2
CDN75_RS05225	2	2	2
CDN75_RS05230	2	2	2
CDN75_RS05235	2	2	2
CDN75_RS05240	2	2	1
CDN75_RS05245	2	2	2
CDN75_RS05250	2	2	2
CDN75_RS05255	2	2	2
CDN75_RS05260	2	2	2
CDN75_RS05265	2	2	2
CDN75_RS05275	2	2	2
CDN75_RS05280	2	2	2
CDN75_RS05285	2	2	2
CDN75_RS05290	2	2	2
CDN75_RS05295	2	2	2
CDN75_RS05300	2	2	2
CDN75_RS05305	2	2	2
CDN75_RS05310	2	2	2
CDN75_RS05315	2	2	2
CDN75_RS05320	2	2	2
CDN75_RS05325	2	2	2
CDN75_RS05335	2	2	2
CDN75_RS05350	2	2	2
CDN75_RS05355	2	2	2
CDN75_RS05360	2	2	2
CDN75_RS05365	2	2	2
CDN75_RS05370	2	2	2
CDN75_RS05375	2	2	2
CDN75_RS05380	2	2	2
CDN75_RS05385	2	2	2
CDN75_RS05395	2	2	2
CDN75_RS05405	2	2	2
CDN75_RS05410	2	2	2
CDN75_RS05415	2	2	2
CDN75_RS05420	2	2	2
CDN75_RS05425	2	2	2
CDN75_RS05430	2	2	2
CDN75_RS05435	2	2	2
CDN75_RS05440	2	2	2
CDN75_RS05450	2	2	2
CDN75_RS05455	2	2	2
CDN75_RS05460	2	2	2
CDN75_RS05465	2	2	1
CDN75_RS05470	2	2	2
CDN75_RS05475	2	2	2
CDN75_RS05480	2	2	2
CDN75_RS05485	2	2	2
CDN75_RS05490	2	2	2
CDN75_RS05495	2	2	2
CDN75_RS05500	2	2	2
CDN75_RS05505	2	2	2
CDN75_RS05510	2	2	2
CDN75_RS05515	2	2	2
CDN75_RS05520	2	2	2
CDN75_RS05525	2	2	2
CDN75_RS05530	2	2	3
CDN75_RS05535	2	2	2
CDN75_RS05545	2	2	2
CDN75_RS05550	2	2	2
CDN75_RS05555	2	2	1
CDN75_RS05560	2	2	2
CDN75_RS05565	2	2	2
CDN75_RS05570	2	2	2
CDN75_RS05575	2	2	2
CDN75_RS05580	2	2	2
CDN75_RS05585	2	2	2
CDN75_RS05590	2	2	2
CDN75_RS05595	2	2	2
CDN75_RS05600	2	2	2
CDN75_RS05605	2	2	2
CDN75_RS05610	2	2	3
CDN75_RS05615	2	2	2
CDN75_RS05620	2	2	2
CDN75_RS05635	2	2	2
CDN75_RS05640	2	2	3
CDN75_RS05650	2	2	2
CDN75_RS05660	2	2	2
CDN75_RS05665	2	2	2
CDN75_RS05680	2	2	2
CDN75_RS05685	3	2	2
CDN75_RS05690	3	2	2
CDN75_RS05695	3	2	2
CDN75_RS05700	2	2	1
CDN75_RS05705	2	2	3
CDN75_RS05710	2	2	2
CDN75_RS05715	2	2	2
CDN75_RS05720	2	2	2
CDN75_RS05725	2	2	2
CDN75_RS05730	2	2	2
CDN75_RS05735	2	2	2
CDN75_RS05740	2	2	2
CDN75_RS05745	2	2	3
CDN75_RS05750	2	2	2
CDN75_RS05755	2	2	2
CDN75_RS05760	2	2	2
CDN75_RS05765	2	2	1
CDN75_RS05770	2	2	2
CDN75_RS05775	2	3	1
CDN75_RS05785	2	2	3
CDN75_RS05790	2	2	2
CDN75_RS05795	2	2	2
CDN75_RS05815	2	2	2
CDN75_RS05820	3	1	2
CDN75_RS05825	2	2	2
CDN75_RS05830	2	2	2
CDN75_RS05835	2	2	2
CDN75_RS05845	2	2	2
CDN75_RS05850	2	2	2
CDN75_RS05855	2	2	2
CDN75_RS05860	2	2	2
CDN75_RS05865	2	2	3
CDN75_RS05870	2	2	2
CDN75_RS05875	2	2	2
CDN75_RS05880	2	2	2
CDN75_RS05885	2	2	3
CDN75_RS05890	2	2	2
CDN75_RS05895	2	2	2
CDN75_RS05900	2	2	2
CDN75_RS05905	2	2	2
CDN75_RS05910	2	2	3
CDN75_RS05915	2	2	2
CDN75_RS05920	2	2	3
CDN75_RS05935	2	2	3
CDN75_RS05945	2	2	2
CDN75_RS05950	2	3	2
CDN75_RS05955	2	2	2
CDN75_RS05960	2	2	2
CDN75_RS05965	2	2	2
CDN75_RS05970	2	2	2
CDN75_RS05975	3	2	2
CDN75_RS05980	2	2	2
CDN75_RS05985	2	2	2
CDN75_RS05990	2	2	2
CDN75_RS05995	2	2	2
CDN75_RS06000	3	2	2
CDN75_RS06010	2	2	2
CDN75_RS06015	2	2	2
CDN75_RS06030	2	2	2
CDN75_RS06035	2	2	2
CDN75_RS06045	2	2	2
CDN75_RS06055	2	2	3
CDN75_RS06060	2	2	3
CDN75_RS06065	2	2	3
CDN75_RS06070	2	2	3
CDN75_RS06075	2	2	2
CDN75_RS06080	2	3	2
CDN75_RS06085	2	2	2
CDN75_RS06090	2	2	2
CDN75_RS06095	2	2	2
CDN75_RS06100	2	2	1
CDN75_RS06105	2	2	2
CDN75_RS06110	2	2	2
CDN75_RS06115	2	2	1
CDN75_RS06120	2	2	2
CDN75_RS06125	2	2	2
CDN75_RS06130	2	2	2
CDN75_RS06135	2	2	2
CDN75_RS06140	2	2	2
CDN75_RS06145	2	2	2
CDN75_RS06150	2	2	2
CDN75_RS06155	2	2	2
CDN75_RS06160	2	2	2
CDN75_RS06165	2	2	2
CDN75_RS06170	2	2	2
CDN75_RS06175	2	2	2
CDN75_RS06180	2	2	3
CDN75_RS06190	2	2	3
CDN75_RS06195	2	2	3
CDN75_RS06205	2	2	2
CDN75_RS06210	2	2	2
CDN75_RS06215	2	2	2
CDN75_RS06220	2	2	2
CDN75_RS06225	2	2	2
CDN75_RS06230	2	2	2
CDN75_RS06250	2	2	2
CDN75_RS06265	2	2	2
CDN75_RS06270	2	2	2
CDN75_RS06275	2	2	2
CDN75_RS06280	2	2	2
CDN75_RS06285	2	2	2
CDN75_RS06290	2	2	2
CDN75_RS06295	2	2	2
CDN75_RS06300	2	2	2
CDN75_RS06305	2	2	2
CDN75_RS06310	2	2	2
CDN75_RS06315	2	2	2
CDN75_RS06320	2	2	2
CDN75_RS06325	2	2	2
CDN75_RS06330	2	2	2
CDN75_RS06335	3	2	2
CDN75_RS06340	3	2	1
CDN75_RS06345	2	1	2
CDN75_RS06350	2	2	2
CDN75_RS06355	2	2	2
CDN75_RS06360	2	2	2
CDN75_RS06365	2	2	3
CDN75_RS06370	2	2	3
CDN75_RS06375	2	2	2
CDN75_RS06380	2	2	3
CDN75_RS06395	2	2	2
CDN75_RS06400	2	2	2
CDN75_RS06405	2	2	2
CDN75_RS06410	2	2	2
CDN75_RS06415	2	2	2
CDN75_RS06420	2	2	2
CDN75_RS06425	2	2	2
CDN75_RS06430	2	2	2
CDN75_RS06435	2	2	2
CDN75_RS06440	2	2	2
CDN75_RS06445	2	2	2
CDN75_RS06460	2	2	2
CDN75_RS06465	2	2	2
CDN75_RS06470	2	2	2
CDN75_RS06475	2	2	2
CDN75_RS06480	2	2	2
CDN75_RS06490	2	2	3
CDN75_RS06495	2	2	3
CDN75_RS06500	2	2	2
CDN75_RS06505	2	2	3
CDN75_RS06515	2	2	2
CDN75_RS06520	3	2	1
CDN75_RS06525	3	2	1
CDN75_RS06530	3	2	2
CDN75_RS06535	3	2	2
CDN75_RS06540	2	2	2
CDN75_RS06550	2	2	2
CDN75_RS06555	2	2	2
CDN75_RS06560	2	2	2
CDN75_RS06565	2	2	2
CDN75_RS06570	2	2	2
CDN75_RS06575	2	2	2
CDN75_RS06580	2	2	2
CDN75_RS06585	2	2	2
CDN75_RS06590	2	2	2
CDN75_RS06595	2	2	2
CDN75_RS06600	2	2	2
CDN75_RS06605	2	2	2
CDN75_RS06610	2	2	2
CDN75_RS06615	2	2	2
CDN75_RS06620	2	2	1
CDN75_RS06625	2	2	2
CDN75_RS06630	2	2	2
CDN75_RS06635	2	2	2
CDN75_RS06640	2	2	2
CDN75_RS06645	2	2	2
CDN75_RS06650	2	2	2
CDN75_RS06655	2	2	2
CDN75_RS06660	2	2	3
CDN75_RS06665	2	2	2
CDN75_RS06670	2	2	2
CDN75_RS06675	2	2	2
CDN75_RS06680	2	2	2
CDN75_RS06685	2	2	2
CDN75_RS06690	2	2	2
CDN75_RS06695	2	2	2
CDN75_RS06700	2	2	2
CDN75_RS06705	2	2	2
CDN75_RS06710	2	2	2
CDN75_RS06715	2	2	2
CDN75_RS06720	2	2	2
CDN75_RS06725	2	2	2
CDN75_RS06730	2	2	2
CDN75_RS06735	2	2	2
CDN75_RS06740	2	2	2
CDN75_RS06745	2	2	2
CDN75_RS06750	2	2	2
CDN75_RS06755	2	2	2
CDN75_RS06760	2	2	2
CDN75_RS06765	2	2	2
CDN75_RS06770	2	2	2
CDN75_RS06775	2	2	2
CDN75_RS06785	2	2	2
CDN75_RS06790	2	2	2
CDN75_RS06795	2	2	2
CDN75_RS06800	2	2	2
CDN75_RS06805	2	2	2
CDN75_RS06810	2	2	2
CDN75_RS06815	2	2	2
CDN75_RS06820	2	2	2
CDN75_RS06825	2	2	2
CDN75_RS06830	2	2	2
CDN75_RS06835	2	2	2
CDN75_RS06840	2	2	3
CDN75_RS06845	2	2	3
CDN75_RS06850	2	2	2
CDN75_RS06855	2	2	2
CDN75_RS06860	2	2	2
CDN75_RS06865	2	2	2
CDN75_RS06870	2	2	2
CDN75_RS06875	2	2	2
CDN75_RS06880	2	2	2
CDN75_RS06885	2	2	2
CDN75_RS06890	2	2	2
CDN75_RS06895	2	2	2
CDN75_RS06900	2	2	2
CDN75_RS06905	2	2	2
CDN75_RS06910	2	2	2
CDN75_RS06915	2	2	2
CDN75_RS06920	2	2	2
CDN75_RS06925	2	2	2
CDN75_RS06930	2	2	2
CDN75_RS06935	2	2	2
CDN75_RS06940	2	2	2
CDN75_RS06945	2	2	2
CDN75_RS06955	2	2	2
CDN75_RS06960	2	2	2
CDN75_RS06965	2	2	2
CDN75_RS06970	2	2	2
CDN75_RS06975	2	2	2
CDN75_RS06980	2	2	2
CDN75_RS06985	2	2	2
CDN75_RS06990	2	2	2
CDN75_RS06995	2	2	2
CDN75_RS07000	2	2	2
CDN75_RS07005	2	2	2
CDN75_RS07010	2	2	2
CDN75_RS07015	2	2	2
CDN75_RS07020	2	2	2
CDN75_RS07030	2	2	1
CDN75_RS07035	2	2	2
CDN75_RS07040	2	2	2
CDN75_RS07045	2	2	2
CDN75_RS07050	2	2	2
CDN75_RS07060	2	2	2
CDN75_RS07065	2	2	2
CDN75_RS07075	2	2	2
CDN75_RS07085	2	2	2
CDN75_RS07090	2	2	1
CDN75_RS07095	2	2	2
CDN75_RS07100	2	2	2
CDN75_RS07105	2	2	2
CDN75_RS07110	2	2	2
CDN75_RS07120	2	2	2
CDN75_RS07125	2	2	2
CDN75_RS07135	2	2	1
CDN75_RS07145	2	2	2
CDN75_RS07150	2	2	2
CDN75_RS07155	2	2	2
CDN75_RS07160	2	2	1
CDN75_RS07165	2	2	2
CDN75_RS07170	2	2	2
CDN75_RS07175	2	2	2
CDN75_RS07180	3	2	2
CDN75_RS07185	2	2	2
CDN75_RS07190	2	2	2
CDN75_RS07195	2	2	2
CDN75_RS07200	2	2	3
CDN75_RS07205	2	2	2
CDN75_RS07210	2	2	2
CDN75_RS07215	2	2	2
CDN75_RS07220	2	2	2
CDN75_RS07225	2	2	2
CDN75_RS07230	2	2	1
CDN75_RS07235	2	2	2
CDN75_RS07240	2	2	2
CDN75_RS07250	2	2	3
CDN75_RS07255	2	2	2
CDN75_RS07260	2	2	2
CDN75_RS07265	2	2	2
CDN75_RS07270	2	2	2
CDN75_RS07275	2	2	2
CDN75_RS07280	2	2	2
CDN75_RS07285	2	2	2
CDN75_RS07290	2	2	2
CDN75_RS07295	2	2	2
CDN75_RS07300	1	2	2
CDN75_RS07305	2	2	2
CDN75_RS07310	2	2	2
CDN75_RS07315	2	2	2
CDN75_RS07320	1	2	3
CDN75_RS07325	2	2	2
CDN75_RS07330	2	2	2
CDN75_RS07335	2	2	2
CDN75_RS07340	3	2	2
CDN75_RS07345	2	2	1
CDN75_RS07350	2	2	2
CDN75_RS07355	2	2	2
CDN75_RS07360	2	2	3
CDN75_RS07365	2	2	1
CDN75_RS07370	2	2	1
CDN75_RS07375	2	3	1
CDN75_RS07380	2	2	2
CDN75_RS07385	2	2	1
CDN75_RS07390	2	2	2
CDN75_RS07395	2	2	3
CDN75_RS07400	2	2	2
CDN75_RS07405	2	2	2
CDN75_RS07410	2	2	2
CDN75_RS07415	2	2	2
CDN75_RS07420	2	2	2
CDN75_RS07425	2	2	2
CDN75_RS07430	2	2	2
CDN75_RS07435	2	2	2
CDN75_RS07440	2	2	2
CDN75_RS07445	2	2	2
CDN75_RS07450	2	2	2
CDN75_RS07455	2	2	2
CDN75_RS07460	2	2	2
CDN75_RS07465	2	2	2
CDN75_RS07470	2	2	2
CDN75_RS07475	2	2	2
CDN75_RS07480	2	2	2
CDN75_RS07485	2	2	2
CDN75_RS07490	2	2	2
CDN75_RS07495	2	2	2
CDN75_RS07500	2	2	2
CDN75_RS07510	2	2	2
CDN75_RS07515	2	2	2
CDN75_RS07520	2	2	2
CDN75_RS07525	2	2	2
CDN75_RS07530	2	2	2
CDN75_RS07535	2	2	2
CDN75_RS07540	2	2	2
CDN75_RS07545	2	2	2
CDN75_RS07550	2	2	2
CDN75_RS07555	2	2	2
CDN75_RS07560	2	2	2
CDN75_RS07565	2	2	2
CDN75_RS07570	2	2	2
CDN75_RS07575	2	2	2
CDN75_RS07580	2	2	2
CDN75_RS07585	2	2	2
CDN75_RS07590	2	2	2
CDN75_RS07595	2	2	2
CDN75_RS07600	2	2	2
CDN75_RS07605	2	2	2
CDN75_RS07610	2	2	2
CDN75_RS07615	1	2	2
CDN75_RS07620	2	2	2
CDN75_RS07625	2	2	2
CDN75_RS07630	2	2	2
CDN75_RS07635	2	2	2
CDN75_RS07640	2	2	2
CDN75_RS07645	2	2	2
CDN75_RS07650	2	2	2
CDN75_RS07655	2	2	3
CDN75_RS07660	2	2	3
CDN75_RS07665	2	2	2
CDN75_RS07670	2	2	2
CDN75_RS07675	2	2	2
CDN75_RS07680	2	2	2
CDN75_RS07685	2	2	2
CDN75_RS07690	2	2	1
CDN75_RS07695	2	2	2
CDN75_RS07700	2	2	2
CDN75_RS07705	2	2	2
CDN75_RS07710	2	2	2
CDN75_RS07715	2	2	2
CDN75_RS07720	2	2	2
CDN75_RS07725	2	2	2
CDN75_RS07730	2	2	2
CDN75_RS07735	2	2	2
CDN75_RS07740	2	2	2
CDN75_RS07745	2	2	2
CDN75_RS07750	2	2	2
CDN75_RS07755	2	2	2
CDN75_RS07760	2	2	2
CDN75_RS07765	2	2	3
CDN75_RS07770	2	2	2
CDN75_RS07775	2	2	2
CDN75_RS07780	2	2	2
CDN75_RS07785	2	2	2
CDN75_RS07790	2	2	2
CDN75_RS07795	1	2	2
CDN75_RS07800	2	2	2
CDN75_RS07805	2	2	2
CDN75_RS07815	2	2	2
CDN75_RS07820	2	2	2
CDN75_RS07825	2	2	2
CDN75_RS07830	2	2	2
CDN75_RS07835	2	2	2
CDN75_RS07840	2	2	2
CDN75_RS07850	2	2	2
CDN75_RS07855	2	2	2
CDN75_RS07860	2	2	2
CDN75_RS07865	2	2	2
CDN75_RS07870	2	2	2
CDN75_RS07880	2	2	2
CDN75_RS07890	2	2	2
CDN75_RS07895	2	2	2
CDN75_RS07900	2	2	2
CDN75_RS07905	2	2	2
CDN75_RS07910	2	2	2
CDN75_RS07915	2	2	2
CDN75_RS07920	2	2	2
CDN75_RS07925	2	2	2
CDN75_RS07930	2	2	2
CDN75_RS07935	2	2	2
CDN75_RS07940	2	2	2
CDN75_RS07945	2	2	2
CDN75_RS07955	2	2	2
CDN75_RS07960	2	2	2
CDN75_RS07965	2	2	2
CDN75_RS07970	2	2	2
CDN75_RS07975	2	2	2
CDN75_RS07980	2	2	2
CDN75_RS07985	2	2	2
CDN75_RS07990	2	2	2
CDN75_RS07995	2	2	2
CDN75_RS08000	2	2	2
CDN75_RS08005	2	2	2
CDN75_RS08010	2	2	2
CDN75_RS08015	2	2	2
CDN75_RS08020	2	2	2
CDN75_RS08025	2	2	2
CDN75_RS08030	2	2	2
CDN75_RS08035	2	2	2
CDN75_RS08040	2	2	2
CDN75_RS08045	2	2	2
CDN75_RS08050	2	2	2
CDN75_RS08055	2	2	2
CDN75_RS08060	2	2	2
CDN75_RS08065	2	2	2
CDN75_RS08070	2	2	2
CDN75_RS08075	2	2	2
CDN75_RS08080	2	2	2
CDN75_RS08085	2	2	2
CDN75_RS08090	2	2	2
CDN75_RS08095	2	2	2
CDN75_RS08100	2	2	2
CDN75_RS08105	2	2	2
CDN75_RS08110	2	2	2
CDN75_RS08115	2	2	2
CDN75_RS08120	2	2	2
CDN75_RS08125	2	2	3
CDN75_RS08130	2	2	2
CDN75_RS08135	2	2	2
CDN75_RS08140	2	2	2
CDN75_RS08145	2	2	2
CDN75_RS08150	2	2	2
CDN75_RS08155	2	2	2
CDN75_RS08165	2	2	2
CDN75_RS08170	2	2	2
CDN75_RS08175	2	2	2
CDN75_RS08180	2	2	2
CDN75_RS08185	2	2	2
CDN75_RS08190	2	2	1
CDN75_RS08205	2	2	2
CDN75_RS08210	2	2	2
CDN75_RS08215	2	2	2
CDN75_RS08220	2	2	2
CDN75_RS08225	2	2	2
CDN75_RS08235	2	2	2
CDN75_RS08240	2	2	2
CDN75_RS08245	2	2	2
CDN75_RS08250	2	2	3
CDN75_RS08255	2	2	3
CDN75_RS08260	2	2	3
CDN75_RS08265	2	2	2
CDN75_RS08270	2	2	2
CDN75_RS08275	2	2	2
CDN75_RS08280	2	2	2
CDN75_RS08285	2	2	2
CDN75_RS08290	2	2	2
CDN75_RS08295	2	2	2
CDN75_RS08300	2	2	2
CDN75_RS08310	2	2	2
CDN75_RS08315	2	2	2
CDN75_RS08320	2	2	2
CDN75_RS08325	2	2	2
CDN75_RS08330	2	2	2
CDN75_RS08335	2	2	2
CDN75_RS08345	2	2	2
CDN75_RS08350	2	2	1
CDN75_RS08355	2	2	2
CDN75_RS08360	2	2	1
CDN75_RS08365	2	2	2
CDN75_RS08370	2	2	2
CDN75_RS08375	2	2	2
CDN75_RS08380	2	2	2
CDN75_RS08390	2	2	1
CDN75_RS08395	2	2	2
CDN75_RS08400	2	2	2
CDN75_RS08405	2	2	2
CDN75_RS08410	2	2	2
CDN75_RS08415	2	2	2
CDN75_RS08420	2	2	2
CDN75_RS08425	2	2	2
CDN75_RS08430	2	2	2
CDN75_RS08435	2	2	2
CDN75_RS08440	2	2	2
CDN75_RS08445	2	2	2
CDN75_RS08450	2	2	2
CDN75_RS08455	2	2	2
CDN75_RS08460	2	2	2
CDN75_RS08465	2	2	2
CDN75_RS08470	2	2	2
CDN75_RS08480	2	2	2
CDN75_RS08485	2	2	2
CDN75_RS08490	2	2	2
CDN75_RS08495	2	2	2
CDN75_RS08500	2	2	2
CDN75_RS08505	2	2	2
CDN75_RS08510	2	2	2
CDN75_RS08515	2	2	2
CDN75_RS08520	2	2	2
CDN75_RS08525	2	2	2
CDN75_RS08530	2	2	1
CDN75_RS08535	2	2	2
CDN75_RS08540	2	2	2
CDN75_RS08545	2	2	2
CDN75_RS08550	2	2	3
CDN75_RS08560	2	2	2
CDN75_RS08565	2	2	2
CDN75_RS08570	2	2	2
CDN75_RS08575	2	2	2
CDN75_RS08580	2	2	1
CDN75_RS08585	2	2	2
CDN75_RS08590	2	2	2
CDN75_RS08605	2	2	3
CDN75_RS08615	2	2	2
CDN75_RS08620	2	2	2
CDN75_RS08625	2	2	2
CDN75_RS08630	2	2	1
CDN75_RS08635	2	2	2
CDN75_RS08640	2	2	2
CDN75_RS08665	3	2	1
CDN75_RS08685	2	2	3
CDN75_RS08690	2	2	3
CDN75_RS08695	2	2	3
CDN75_RS08700	2	2	3
CDN75_RS08705	2	2	2
CDN75_RS08710	2	2	2
CDN75_RS08715	2	2	3
CDN75_RS08720	2	2	2
CDN75_RS08725	2	2	2
CDN75_RS08730	2	2	2
CDN75_RS08735	2	2	2
CDN75_RS08740	2	2	2
CDN75_RS08745	2	2	2
CDN75_RS08750	2	2	3
CDN75_RS08755	2	2	2
CDN75_RS08760	2	2	2
CDN75_RS08765	2	2	2
CDN75_RS08770	2	2	2
CDN75_RS08780	2	2	2
CDN75_RS08785	2	2	2
CDN75_RS08790	2	2	2
CDN75_RS08800	2	2	2
CDN75_RS08805	2	2	2
CDN75_RS08810	2	2	2
CDN75_RS08815	2	2	2
CDN75_RS08820	2	2	2
CDN75_RS08830	2	2	2
CDN75_RS08835	2	2	2
CDN75_RS08840	2	2	2
CDN75_RS08845	2	2	2
CDN75_RS08850	2	2	2
CDN75_RS08855	2	2	2
CDN75_RS08860	2	2	2
CDN75_RS08865	2	2	1
CDN75_RS08870	2	2	2
CDN75_RS08875	2	2	2
CDN75_RS08880	2	2	2
CDN75_RS08885	2	2	2
CDN75_RS08890	2	2	2
CDN75_RS08895	2	2	2
CDN75_RS08900	3	2	1
CDN75_RS08905	3	2	1
CDN75_RS08910	2	2	1
CDN75_RS08915	2	2	1
CDN75_RS08920	2	2	2
CDN75_RS08925	2	2	2
CDN75_RS08930	2	2	2
CDN75_RS08935	2	2	2
CDN75_RS08940	2	2	2
CDN75_RS08945	2	2	2
CDN75_RS08950	2	2	2
CDN75_RS08955	2	2	2
CDN75_RS08960	2	2	2
CDN75_RS08965	2	2	2
CDN75_RS08970	2	2	2
CDN75_RS08975	2	2	2
CDN75_RS08980	2	2	2
CDN75_RS08985	2	2	3
CDN75_RS08990	2	2	3
CDN75_RS08995	2	2	3
CDN75_RS09000	2	2	3
CDN75_RS09005	2	2	3
CDN75_RS09010	2	2	3
CDN75_RS09015	2	2	3
CDN75_RS09020	2	2	2
CDN75_RS09025	2	2	2
CDN75_RS09030	2	2	1
CDN75_RS09035	2	2	2
CDN75_RS09040	2	2	2
CDN75_RS09045	2	2	3
CDN75_RS09050	2	2	2
CDN75_RS09055	2	2	2
CDN75_RS09060	2	2	2
CDN75_RS09065	2	2	2
CDN75_RS09070	2	2	2
CDN75_RS09075	2	2	2
CDN75_RS09080	2	2	2
CDN75_RS09085	2	2	2
CDN75_RS09090	2	2	2
CDN75_RS09095	2	2	2
CDN75_RS09100	2	2	2
CDN75_RS09105	2	2	2
CDN75_RS09110	2	2	2
CDN75_RS09115	2	2	2
CDN75_RS09120	2	2	2
CDN75_RS09125	2	2	2
CDN75_RS09130	2	2	2
CDN75_RS09135	2	2	3
CDN75_RS09140	2	2	2
CDN75_RS09145	2	2	2
CDN75_RS09150	2	2	2
CDN75_RS09155	2	2	2
CDN75_RS09160	2	2	2
CDN75_RS09165	2	2	2
CDN75_RS09170	2	2	2
CDN75_RS09175	2	2	2
CDN75_RS09180	2	2	2
CDN75_RS09185	2	2	1
CDN75_RS09190	2	2	1
CDN75_RS09195	2	2	2
CDN75_RS09205	2	2	2
CDN75_RS09210	2	2	2
CDN75_RS09215	2	2	3
CDN75_RS09220	2	2	2
CDN75_RS09225	3	2	2
CDN75_RS09230	2	2	2
CDN75_RS09235	2	2	2
CDN75_RS09240	2	2	2
CDN75_RS09245	2	2	2
CDN75_RS09250	2	2	2
CDN75_RS09255	2	2	2
CDN75_RS09260	2	2	2
CDN75_RS09265	2	2	2
CDN75_RS09270	2	2	2
CDN75_RS09275	2	2	2
CDN75_RS09280	2	2	2
CDN75_RS09285	2	2	2
CDN75_RS09290	2	2	2
CDN75_RS09295	2	2	2
CDN75_RS09300	2	2	2
CDN75_RS09305	2	2	2
CDN75_RS09310	2	2	2
CDN75_RS09315	2	2	2
CDN75_RS09320	2	2	2
CDN75_RS09325	2	2	2
CDN75_RS09330	2	2	2
CDN75_RS09335	2	2	2
CDN75_RS09340	2	2	2
CDN75_RS09345	2	2	2
CDN75_RS09350	2	2	2
CDN75_RS09355	2	2	2
CDN75_RS09360	2	2	2
CDN75_RS09365	2	2	2
CDN75_RS09370	2	2	2
CDN75_RS09375	2	2	1
CDN75_RS09380	2	2	1
CDN75_RS09385	2	2	2
CDN75_RS09390	2	2	2
CDN75_RS09395	2	2	2
CDN75_RS09400	2	2	2
CDN75_RS09405	2	2	2
CDN75_RS09410	2	2	2
CDN75_RS09415	2	2	2
CDN75_RS09420	2	2	2
CDN75_RS09425	2	2	2
CDN75_RS09430	2	2	2
CDN75_RS09435	2	2	2
CDN75_RS09440	2	2	3
CDN75_RS09445	2	2	2
CDN75_RS09450	2	2	2
CDN75_RS09455	2	2	2
CDN75_RS09460	2	2	2
CDN75_RS09470	2	2	2
CDN75_RS09475	2	2	1
CDN75_RS09480	2	2	1
CDN75_RS09485	2	2	2
CDN75_RS09495	2	2	2
CDN75_RS09500	2	2	2
CDN75_RS09505	2	2	2
CDN75_RS09510	2	2	2
CDN75_RS09515	2	2	2
CDN75_RS09520	2	2	2
CDN75_RS09525	2	2	2
CDN75_RS09530	2	2	2
CDN75_RS09535	2	2	2
CDN75_RS09540	2	2	2
CDN75_RS09545	2	2	2
CDN75_RS09550	2	2	2
CDN75_RS09555	2	2	2
CDN75_RS09560	2	2	2
CDN75_RS09565	2	2	2
CDN75_RS09570	2	2	2
CDN75_RS09575	2	2	2
CDN75_RS09580	2	2	2
CDN75_RS09585	2	2	2
CDN75_RS09590	2	2	2
CDN75_RS09595	2	2	3
CDN75_RS09600	2	2	2
CDN75_RS09605	2	2	2
CDN75_RS09610	2	2	2
CDN75_RS09620	2	2	2
CDN75_RS09625	2	2	2
CDN75_RS09630	2	2	2
CDN75_RS09635	2	2	2
CDN75_RS09640	2	3	2
CDN75_RS09645	2	2	2
CDN75_RS09650	2	2	2
CDN75_RS09655	2	2	2
CDN75_RS09660	2	2	2
CDN75_RS09670	2	2	2
CDN75_RS09675	2	2	2
CDN75_RS09680	2	2	2
CDN75_RS09705	2	3	2
CDN75_RS09715	2	2	2
CDN75_RS09725	2	2	2
CDN75_RS09730	2	2	2
CDN75_RS09735	2	2	2
CDN75_RS09745	2	2	2
CDN75_RS09750	2	2	2
CDN75_RS09755	2	2	2
CDN75_RS09760	3	2	2
CDN75_RS09765	2	2	2
CDN75_RS09770	2	2	2
CDN75_RS09775	2	2	2
CDN75_RS09780	2	2	2
CDN75_RS09785	2	2	2
CDN75_RS09790	2	2	2
CDN75_RS09795	3	2	1
CDN75_RS09800	2	2	2
CDN75_RS09805	2	2	2
CDN75_RS09810	2	2	2
CDN75_RS09815	2	2	2
CDN75_RS09820	2	2	2
CDN75_RS09825	2	2	2
CDN75_RS09830	2	2	2
CDN75_RS09835	2	2	2
CDN75_RS09840	2	2	2
CDN75_RS09845	2	2	2
CDN75_RS09855	2	2	2
CDN75_RS09860	2	2	2
CDN75_RS09865	2	2	3
CDN75_RS09870	2	2	2
CDN75_RS09875	2	2	2
CDN75_RS09880	2	2	2
CDN75_RS09885	2	2	2
CDN75_RS09890	2	2	2
CDN75_RS09895	2	2	2
CDN75_RS09900	2	2	2
CDN75_RS09905	2	2	2
CDN75_RS09910	2	2	2
CDN75_RS09915	2	2	2
CDN75_RS09920	2	2	2
CDN75_RS09925	2	2	2
CDN75_RS09930	2	2	2
CDN75_RS09935	2	2	2
CDN75_RS09940	2	2	2
CDN75_RS09945	2	2	2
CDN75_RS09950	2	2	2
CDN75_RS09955	2	2	2
CDN75_RS09960	2	2	2
CDN75_RS09965	2	2	2
CDN75_RS09975	2	2	2
CDN75_RS09980	2	2	2
CDN75_RS09985	2	2	2
CDN75_RS09990	2	2	2
CDN75_RS09995	1	2	2
CDN75_RS10000	2	2	2
CDN75_RS10005	2	2	2
CDN75_RS10010	2	2	2
CDN75_RS10015	2	2	2
CDN75_RS10020	2	2	2
CDN75_RS10025	2	2	2
CDN75_RS10030	2	2	2
CDN75_RS10035	2	2	2
CDN75_RS10040	2	2	3
CDN75_RS10045	2	2	2
CDN75_RS10050	2	2	2
CDN75_RS10060	2	2	2
CDN75_RS10065	2	2	2
CDN75_RS10070	2	2	2
CDN75_RS10080	2	2	2
CDN75_RS10085	2	2	2
CDN75_RS10090	2	2	2
CDN75_RS10095	2	2	2
CDN75_RS10100	2	2	1
CDN75_RS10105	2	2	2
CDN75_RS10110	2	2	2
CDN75_RS10115	2	2	2
CDN75_RS10120	2	2	2
CDN75_RS10125	2	2	2
CDN75_RS10130	2	2	2
CDN75_RS10145	2	2	3
CDN75_RS10150	2	2	2
CDN75_RS10155	2	2	2
CDN75_RS10160	2	2	2
CDN75_RS10165	2	2	2
CDN75_RS10170	2	2	2
CDN75_RS10175	2	2	2
CDN75_RS10180	2	2	2
CDN75_RS10185	2	2	2
CDN75_RS10190	2	2	2
CDN75_RS10195	2	2	2
CDN75_RS10200	2	2	2
CDN75_RS10205	2	2	2
CDN75_RS10210	2	2	2
CDN75_RS10215	2	2	2
CDN75_RS10220	2	2	2
CDN75_RS10225	2	2	2
CDN75_RS10230	2	2	2
CDN75_RS10235	2	2	2
CDN75_RS10245	2	2	2
CDN75_RS10250	2	2	2
CDN75_RS10255	2	2	2
CDN75_RS10265	2	2	2
CDN75_RS10275	2	2	2
CDN75_RS10280	2	3	2
CDN75_RS10285	2	2	2
CDN75_RS10295	2	2	2
CDN75_RS10300	2	2	1
CDN75_RS10305	2	2	2
CDN75_RS10310	2	2	2
CDN75_RS10320	2	2	2
CDN75_RS10325	2	2	2
CDN75_RS10330	2	2	2
CDN75_RS10335	2	2	2
CDN75_RS10340	2	2	2
CDN75_RS10345	2	2	3
CDN75_RS10355	2	2	2
CDN75_RS10360	2	2	2
CDN75_RS10370	2	2	2
CDN75_RS10375	2	2	1
CDN75_RS10380	2	2	1
CDN75_RS10385	2	2	2
CDN75_RS10390	2	2	3
CDN75_RS10395	2	2	2
CDN75_RS10400	2	2	2
CDN75_RS10405	2	2	2
CDN75_RS10410	2	2	2
CDN75_RS10415	2	2	2
CDN75_RS10420	2	2	2
CDN75_RS10425	2	2	2
CDN75_RS10430	2	2	2
CDN75_RS10435	2	2	2
CDN75_RS10445	2	2	2
CDN75_RS10460	2	2	2
CDN75_RS10465	2	2	2
CDN75_RS10470	2	2	3
CDN75_RS10475	2	2	3
CDN75_RS10480	2	2	3
CDN75_RS10490	2	2	3
CDN75_RS10495	2	2	2
CDN75_RS10500	2	2	2
CDN75_RS10505	2	2	2
CDN75_RS10510	2	2	3
CDN75_RS10515	2	2	2
CDN75_RS10520	2	2	2
CDN75_RS10525	2	2	2
CDN75_RS10535	2	2	2
CDN75_RS10540	2	2	2
CDN75_RS10545	2	2	2
CDN75_RS10555	2	2	2
CDN75_RS10560	2	2	2
CDN75_RS10565	2	2	3
CDN75_RS10570	2	2	3
CDN75_RS10580	2	2	2
CDN75_RS10585	2	2	2
CDN75_RS10590	2	2	1
CDN75_RS10600	2	2	2
CDN75_RS10605	2	2	2
CDN75_RS10610	2	2	2
CDN75_RS10615	2	2	2
CDN75_RS10620	2	2	2
CDN75_RS10625	2	2	2
CDN75_RS10630	2	2	2
CDN75_RS10635	2	2	2
CDN75_RS10645	2	2	2
CDN75_RS10650	2	2	2
CDN75_RS10655	2	2	2
CDN75_RS10660	2	2	2
CDN75_RS10665	2	2	1
CDN75_RS10670	2	2	1
CDN75_RS10675	2	2	2
CDN75_RS10680	2	2	2
CDN75_RS10695	2	2	1
CDN75_RS10700	2	2	2
CDN75_RS10705	2	2	1
CDN75_RS10710	2	2	2
CDN75_RS10720	2	2	2
CDN75_RS10725	2	2	2
CDN75_RS10730	2	2	2
CDN75_RS10735	2	2	2
CDN75_RS10740	2	2	2
CDN75_RS10750	2	2	2
CDN75_RS10755	2	2	2
CDN75_RS10760	2	2	2
CDN75_RS10765	2	2	2
CDN75_RS10775	2	2	3
CDN75_RS10780	2	2	2
CDN75_RS10785	2	2	2
CDN75_RS10790	2	2	2
CDN75_RS10795	2	2	2
CDN75_RS10800	2	2	1
CDN75_RS10810	2	2	2
CDN75_RS10820	2	2	2
CDN75_RS10825	2	2	2
CDN75_RS10835	2	2	2
CDN75_RS10840	2	2	2
CDN75_RS10850	2	2	2
CDN75_RS10855	2	2	2
CDN75_RS10860	2	2	1
CDN75_RS10865	2	2	3
CDN75_RS10870	2	2	2
CDN75_RS10875	2	2	2
CDN75_RS10885	2	2	3
CDN75_RS10890	2	2	2
CDN75_RS10900	2	2	2
CDN75_RS10905	2	2	2
CDN75_RS10910	2	2	2
CDN75_RS10915	2	2	1
CDN75_RS10920	2	2	2
CDN75_RS10925	2	2	2
CDN75_RS10930	2	2	2
CDN75_RS10935	2	2	2
CDN75_RS10940	2	2	1
CDN75_RS10950	2	2	2
CDN75_RS10955	2	2	2
CDN75_RS10960	2	2	2
CDN75_RS10965	2	2	2
CDN75_RS10970	2	2	2
CDN75_RS10975	2	2	2
CDN75_RS10980	2	2	2
CDN75_RS10985	2	2	2
CDN75_RS10990	2	2	2
CDN75_RS10995	2	2	3
CDN75_RS11000	2	2	2
CDN75_RS11005	2	2	2
CDN75_RS11010	2	2	2
CDN75_RS11015	2	2	2
CDN75_RS11020	2	2	2
CDN75_RS11025	2	2	2
CDN75_RS11030	2	2	2
CDN75_RS11035	2	2	2
CDN75_RS11040	2	2	3
CDN75_RS11045	2	2	2
CDN75_RS11050	2	2	1
CDN75_RS11060	2	2	2
CDN75_RS11065	2	2	2
CDN75_RS11070	2	2	2
CDN75_RS11075	2	2	1
CDN75_RS11080	2	2	1
CDN75_RS11090	2	2	3
CDN75_RS11095	2	2	3
CDN75_RS11100	2	2	3
CDN75_RS11105	2	2	2
CDN75_RS11110	2	2	2
CDN75_RS11115	3	1	2
CDN75_RS11125	3	2	1
CDN75_RS11135	2	1	2
CDN75_RS11140	2	2	2
CDN75_RS11145	2	2	2
CDN75_RS11150	2	2	2
CDN75_RS11155	2	2	2
CDN75_RS11160	2	2	2
CDN75_RS11165	3	2	2
CDN75_RS11170	2	2	2
CDN75_RS11175	2	2	2
CDN75_RS11180	2	2	2
CDN75_RS11185	2	2	2
CDN75_RS11195	2	2	2
CDN75_RS11200	2	2	2
CDN75_RS11215	2	2	2
CDN75_RS11220	2	2	2
CDN75_RS11225	2	2	2
CDN75_RS11230	2	2	2
CDN75_RS11235	2	2	2
CDN75_RS11240	2	2	2
CDN75_RS11245	2	2	2
CDN75_RS11250	2	2	2
CDN75_RS11260	2	2	2
CDN75_RS11265	2	2	2
CDN75_RS11270	2	2	2
CDN75_RS11275	2	2	2
CDN75_RS11280	2	2	2
CDN75_RS11285	2	2	2
CDN75_RS11290	2	2	2
CDN75_RS11295	2	2	2
CDN75_RS11300	2	2	3
CDN75_RS11305	2	2	2
CDN75_RS11310	2	2	2
CDN75_RS11315	2	2	2
CDN75_RS11320	2	2	2
CDN75_RS11325	2	2	1
CDN75_RS11330	2	2	2
CDN75_RS11335	2	2	3
CDN75_RS11340	2	2	2
CDN75_RS11345	2	2	2
CDN75_RS11350	2	2	1
CDN75_RS11355	2	2	2
CDN75_RS11360	2	2	2
CDN75_RS11365	2	2	2
CDN75_RS11375	2	2	2
CDN75_RS11380	2	2	2
CDN75_RS11385	2	2	2
CDN75_RS11390	2	2	2
CDN75_RS11395	2	2	2
CDN75_RS11400	2	2	2
CDN75_RS11405	2	2	2
CDN75_RS11410	2	2	2
CDN75_RS11415	2	2	2
CDN75_RS11420	2	2	2
CDN75_RS11425	2	2	2
CDN75_RS11430	2	2	2
CDN75_RS11435	2	2	2
CDN75_RS11440	2	2	2
CDN75_RS11445	2	2	2
CDN75_RS11450	2	2	2
CDN75_RS11455	2	2	2
CDN75_RS11460	2	2	2
CDN75_RS11465	2	2	2
CDN75_RS11470	2	2	2
CDN75_RS11475	2	2	2
CDN75_RS11480	2	2	2
CDN75_RS11485	2	2	2
CDN75_RS11490	2	2	2
CDN75_RS11495	2	2	2
CDN75_RS11500	2	2	2
CDN75_RS11505	2	2	2
CDN75_RS11510	2	2	2
CDN75_RS11515	2	2	2
CDN75_RS11520	2	2	2
CDN75_RS11525	2	2	2
CDN75_RS11530	2	2	2
CDN75_RS11535	2	2	2
CDN75_RS11540	2	2	2
CDN75_RS11545	2	2	2
CDN75_RS11550	2	2	2
CDN75_RS11555	2	2	2
CDN75_RS11560	2	2	2
CDN75_RS11565	2	2	2
CDN75_RS11570	2	2	2
CDN75_RS11575	2	2	2
CDN75_RS11580	2	2	2
CDN75_RS11585	2	2	2
CDN75_RS11590	2	2	2
CDN75_RS11595	2	2	2
CDN75_RS11600	2	2	2
CDN75_RS11615	2	2	2
CDN75_RS11620	2	2	2
CDN75_RS11630	2	2	2
CDN75_RS11635	2	2	1
CDN75_RS11640	2	2	2
CDN75_RS11650	2	2	2
CDN75_RS11660	2	2	2
CDN75_RS11665	2	2	2
CDN75_RS11670	2	2	2
CDN75_RS11675	2	2	2
CDN75_RS11680	2	2	2
CDN75_RS11685	2	2	2
CDN75_RS11690	2	2	2
CDN75_RS11695	2	2	2
CDN75_RS11705	2	2	2
CDN75_RS11710	2	2	2
CDN75_RS11715	2	2	2
CDN75_RS11725	2	2	2
CDN75_RS11730	2	2	2
CDN75_RS11735	2	2	2
CDN75_RS11740	2	2	2
CDN75_RS11745	2	2	2
CDN75_RS11750	2	2	2
CDN75_RS11755	2	2	2
CDN75_RS11760	2	2	2
CDN75_RS11765	2	2	3
CDN75_RS11770	2	2	3
CDN75_RS11775	2	2	2
CDN75_RS11780	2	2	2
CDN75_RS11785	2	2	2
CDN75_RS11790	2	2	2
CDN75_RS11795	2	2	2
CDN75_RS11800	2	2	2
CDN75_RS11805	2	2	2
CDN75_RS11810	2	2	2
CDN75_RS11815	2	2	2
CDN75_RS11820	2	2	2
CDN75_RS11825	2	2	2
CDN75_RS11840	2	2	2
CDN75_RS11845	2	2	2
CDN75_RS11860	2	2	2
CDN75_RS11865	2	2	2
CDN75_RS11870	2	2	2
CDN75_RS11875	2	2	2
CDN75_RS11880	2	2	2
CDN75_RS11885	2	2	2
CDN75_RS11890	2	2	2
CDN75_RS11895	2	2	2
CDN75_RS11900	2	2	1
CDN75_RS11905	2	2	1
CDN75_RS11915	2	2	2
CDN75_RS11920	2	2	2
CDN75_RS11925	2	2	3
CDN75_RS11945	2	2	2
CDN75_RS11950	2	2	2
CDN75_RS11955	2	2	2
CDN75_RS11960	2	2	2
CDN75_RS11965	2	2	2
CDN75_RS11970	2	2	2
CDN75_RS11975	2	2	1
CDN75_RS11980	2	2	1
CDN75_RS11985	2	2	2
CDN75_RS11990	2	2	1
CDN75_RS11995	2	2	2
CDN75_RS12000	2	2	2
CDN75_RS12005	2	2	2
CDN75_RS12010	2	2	2
CDN75_RS12015	2	2	2
CDN75_RS12020	2	2	2
CDN75_RS12025	2	2	2
CDN75_RS12030	2	2	2
CDN75_RS12035	2	2	2
CDN75_RS12040	2	2	2
CDN75_RS12045	2	2	2
CDN75_RS12050	2	2	2
CDN75_RS12055	2	2	1
CDN75_RS12060	2	2	2
CDN75_RS12065	2	2	2
CDN75_RS12070	2	2	2
CDN75_RS12075	2	2	2
CDN75_RS12080	2	2	2
CDN75_RS12085	2	2	2
CDN75_RS12090	2	2	2
CDN75_RS12095	2	2	2
CDN75_RS12100	2	2	2
CDN75_RS12105	2	2	2
CDN75_RS12110	2	2	1
CDN75_RS12115	2	2	2
CDN75_RS12120	2	2	2
CDN75_RS12125	2	2	2
CDN75_RS12130	2	2	2
CDN75_RS12135	2	2	2
CDN75_RS12140	2	2	2
CDN75_RS12145	2	2	2
CDN75_RS12150	2	2	2
CDN75_RS12155	2	2	2
CDN75_RS12160	2	2	1
CDN75_RS12165	2	2	2
CDN75_RS12170	2	2	2
CDN75_RS12175	2	2	2
CDN75_RS12180	2	2	2
CDN75_RS12185	2	2	2
CDN75_RS12190	2	2	1
CDN75_RS12195	2	2	2
CDN75_RS12200	2	2	2
CDN75_RS12205	2	2	2
CDN75_RS12210	2	2	2
CDN75_RS12215	2	2	2
CDN75_RS12220	2	2	1
CDN75_RS12225	2	2	2
CDN75_RS12230	2	2	2
CDN75_RS12235	2	2	2
CDN75_RS12240	2	3	2
CDN75_RS12245	2	2	2
CDN75_RS12250	2	2	2
CDN75_RS12255	2	2	2
CDN75_RS12260	2	2	2
CDN75_RS12265	2	2	2
CDN75_RS12270	2	2	2
CDN75_RS12275	2	2	2
CDN75_RS12280	2	2	3
CDN75_RS12285	1	2	3
CDN75_RS12290	2	2	2
CDN75_RS12300	2	2	2
CDN75_RS12305	2	2	2
CDN75_RS12315	2	2	2
CDN75_RS12320	2	2	2
CDN75_RS12325	2	2	2
CDN75_RS12330	2	2	2
CDN75_RS12335	2	2	2
CDN75_RS12340	2	2	2
CDN75_RS12345	2	2	2
CDN75_RS12350	2	2	2
CDN75_RS12355	2	2	2
CDN75_RS12360	2	2	2
CDN75_RS12365	2	2	2
CDN75_RS12375	2	2	2
CDN75_RS12380	2	2	2
CDN75_RS12385	2	2	2
CDN75_RS12390	2	2	2
CDN75_RS12395	2	2	2
CDN75_RS12405	2	2	2
CDN75_RS12410	2	2	2
CDN75_RS12415	2	2	2
CDN75_RS12420	2	2	2
CDN75_RS12425	2	2	3
CDN75_RS12430	2	2	1
CDN75_RS12435	2	2	2
CDN75_RS12440	2	2	2
CDN75_RS12445	3	2	1
CDN75_RS12450	3	2	2
CDN75_RS12455	3	2	2
CDN75_RS12460	2	2	2
CDN75_RS12465	2	2	2
CDN75_RS12470	2	2	2
CDN75_RS12475	2	2	2
CDN75_RS12485	2	2	2
CDN75_RS12490	2	2	2
CDN75_RS12495	2	2	2
CDN75_RS12500	2	2	2
CDN75_RS12505	2	2	2
CDN75_RS12510	2	2	2
CDN75_RS12515	2	2	2
CDN75_RS12520	2	2	2
CDN75_RS12525	2	2	2
CDN75_RS12530	2	2	2
CDN75_RS12535	2	2	1
CDN75_RS12545	2	2	2
CDN75_RS12550	2	2	2
CDN75_RS12555	2	2	2
CDN75_RS12560	2	2	2
CDN75_RS12565	2	2	2
CDN75_RS12570	2	2	2
CDN75_RS12575	2	2	2
CDN75_RS12580	2	2	2
CDN75_RS12585	2	1	2
CDN75_RS12590	2	2	2
CDN75_RS12595	2	2	2
CDN75_RS12600	2	2	3
CDN75_RS12605	2	2	2
CDN75_RS12610	2	2	2
CDN75_RS12615	2	2	2
CDN75_RS12620	2	2	2
CDN75_RS12625	2	2	2
CDN75_RS12630	2	2	2
CDN75_RS12635	2	2	2
CDN75_RS12645	2	2	2
CDN75_RS12650	2	2	2
CDN75_RS12655	2	2	2
CDN75_RS12665	2	2	2
CDN75_RS12670	2	2	2
CDN75_RS12680	2	2	1
CDN75_RS12685	2	2	2
CDN75_RS12690	2	2	2
CDN75_RS12700	2	2	2
CDN75_RS12705	2	2	2
CDN75_RS12710	2	2	2
CDN75_RS12715	2	2	2
CDN75_RS12720	2	2	2
CDN75_RS12725	2	2	1
CDN75_RS12730	2	2	1
CDN75_RS12735	3	2	1
CDN75_RS12740	2	2	2
CDN75_RS12745	2	2	2
CDN75_RS12750	2	2	2
CDN75_RS12755	2	2	2
CDN75_RS12760	2	2	2
CDN75_RS12765	2	2	2
CDN75_RS12770	2	2	2
CDN75_RS12780	2	2	2
CDN75_RS12785	2	2	2
CDN75_RS12790	2	2	2
CDN75_RS12795	2	2	2
CDN75_RS12800	2	2	2
CDN75_RS12805	2	2	2
CDN75_RS12810	2	2	2
CDN75_RS12815	2	2	2
CDN75_RS12820	2	2	2
CDN75_RS12825	2	2	2
CDN75_RS12830	2	2	3
CDN75_RS12835	2	2	2
CDN75_RS12845	2	2	2
CDN75_RS12850	2	2	2
CDN75_RS12855	2	2	2
CDN75_RS12870	2	2	2
CDN75_RS12875	2	2	2
CDN75_RS12880	2	2	3
CDN75_RS12885	2	2	2
CDN75_RS12890	2	2	2
CDN75_RS12895	2	2	3
CDN75_RS12900	2	2	3
CDN75_RS12905	2	2	3
CDN75_RS12910	2	2	2
CDN75_RS12915	2	2	2
CDN75_RS12920	2	2	2
CDN75_RS12925	2	2	2
CDN75_RS12930	2	2	2
CDN75_RS12940	2	2	2
CDN75_RS12945	2	2	2
CDN75_RS12950	2	2	2
CDN75_RS12955	2	2	2
CDN75_RS12960	2	2	2
CDN75_RS12965	2	2	2
CDN75_RS12970	2	2	2
CDN75_RS12975	2	2	2
CDN75_RS12980	2	2	2
CDN75_RS12985	2	2	3
CDN75_RS12990	2	2	2
CDN75_RS12995	2	2	2
CDN75_RS13000	2	2	2
CDN75_RS13005	2	2	2
CDN75_RS13010	2	2	2
CDN75_RS13015	2	2	3
CDN75_RS13020	2	2	3
CDN75_RS13025	3	2	1
CDN75_RS13030	3	2	2
CDN75_RS13035	2	2	2
CDN75_RS13040	2	2	2
CDN75_RS13045	2	2	2
CDN75_RS13050	2	2	2
CDN75_RS13055	2	2	2
CDN75_RS13060	2	2	2
CDN75_RS13070	2	2	2
CDN75_RS13075	2	2	2
CDN75_RS13080	2	2	2
CDN75_RS13085	2	2	2
CDN75_RS13090	2	2	2
CDN75_RS13105	2	2	3
CDN75_RS13110	2	2	2
CDN75_RS13115	2	2	2
CDN75_RS13120	2	2	3
CDN75_RS13125	2	2	2
CDN75_RS13135	2	2	2
CDN75_RS13140	2	2	2
CDN75_RS13145	2	2	2
CDN75_RS13150	2	2	2
CDN75_RS13155	2	2	2
CDN75_RS13160	2	2	2
CDN75_RS13170	2	2	2
CDN75_RS13175	2	2	2
CDN75_RS13180	2	2	2
CDN75_RS13200	2	2	3
CDN75_RS13210	2	2	3
CDN75_RS13215	2	2	3
CDN75_RS13220	2	2	3
CDN75_RS13225	2	2	3
CDN75_RS13230	2	2	3
CDN75_RS13235	2	2	3
CDN75_RS13240	2	2	3
CDN75_RS13245	2	2	3
CDN75_RS13250	2	2	3
CDN75_RS13260	2	2	3
CDN75_RS13265	2	2	3
CDN75_RS13270	2	2	3
CDN75_RS13275	2	2	2
CDN75_RS13280	2	2	3
CDN75_RS13285	2	2	2
CDN75_RS13290	2	2	2
CDN75_RS13295	2	2	3
CDN75_RS13300	2	2	2
CDN75_RS13305	2	2	3
CDN75_RS13310	2	2	2
CDN75_RS13320	2	2	2
CDN75_RS13325	2	2	2
CDN75_RS13330	2	2	2
CDN75_RS13340	2	2	2
CDN75_RS13345	2	2	2
CDN75_RS13350	2	2	2
CDN75_RS13355	2	2	2
CDN75_RS13360	2	2	2
CDN75_RS13365	2	2	2
CDN75_RS13370	2	2	2
CDN75_RS13375	2	2	2
CDN75_RS13380	2	2	1
CDN75_RS13385	2	2	2
CDN75_RS13390	2	2	2
CDN75_RS13405	2	2	2
CDN75_RS13410	2	2	2
CDN75_RS13415	2	2	2
CDN75_RS13420	2	2	2
CDN75_RS13425	2	2	1
CDN75_RS13430	2	2	2
CDN75_RS13440	2	2	2
CDN75_RS13445	2	2	2
CDN75_RS13450	2	2	2
CDN75_RS13455	2	2	1
CDN75_RS13465	2	2	2
CDN75_RS13470	2	2	2
CDN75_RS13475	2	2	2
CDN75_RS13480	2	2	2
CDN75_RS13485	2	2	2
CDN75_RS13490	2	2	2
CDN75_RS13495	2	2	2
CDN75_RS13500	2	2	3
CDN75_RS13505	2	2	2
CDN75_RS13510	2	2	1
CDN75_RS13515	2	2	2
CDN75_RS13520	2	2	2
CDN75_RS13525	2	2	2
CDN75_RS13530	2	2	2
CDN75_RS13535	2	2	2
CDN75_RS13540	2	2	2
CDN75_RS13545	2	2	1
CDN75_RS13550	2	2	2
CDN75_RS13555	2	2	2
CDN75_RS13560	2	2	1
CDN75_RS13565	2	2	1
CDN75_RS13570	2	2	2
CDN75_RS13575	2	2	2
CDN75_RS13580	2	2	2
CDN75_RS13585	2	2	1
CDN75_RS13590	2	2	3
CDN75_RS13595	2	2	2
CDN75_RS13600	2	2	2
CDN75_RS13605	2	2	2
CDN75_RS13610	2	2	2
CDN75_RS13615	2	2	1
CDN75_RS13620	2	2	2
CDN75_RS13625	2	3	2
CDN75_RS13630	2	2	2
CDN75_RS13635	2	2	2
CDN75_RS13640	2	2	2
CDN75_RS13645	2	2	2
CDN75_RS13660	2	2	2
CDN75_RS13665	2	2	2
CDN75_RS13670	2	2	2
CDN75_RS13675	2	2	2
CDN75_RS13680	2	2	1
CDN75_RS13685	2	2	2
CDN75_RS13690	2	2	2
CDN75_RS13695	2	2	2
CDN75_RS13700	2	2	2
CDN75_RS13705	2	2	2
CDN75_RS13710	2	2	2
CDN75_RS13715	2	2	2
CDN75_RS13725	2	2	2
CDN75_RS13745	2	2	2
CDN75_RS13750	2	2	2
CDN75_RS13755	2	2	2
CDN75_RS13760	2	2	2
CDN75_RS13765	2	2	2
CDN75_RS13770	2	2	2
CDN75_RS13775	2	2	2
CDN75_RS13785	2	2	2
CDN75_RS13790	2	2	2
CDN75_RS13795	2	2	2
CDN75_RS13800	2	2	2
CDN75_RS13805	2	2	2
CDN75_RS13810	2	2	2
CDN75_RS13815	2	2	2
CDN75_RS13820	2	2	2
CDN75_RS13825	2	2	2
CDN75_RS13835	2	2	2
CDN75_RS13840	2	2	2
CDN75_RS13845	2	2	3
CDN75_RS13850	2	2	2
CDN75_RS13855	2	2	2
CDN75_RS13860	2	2	2
CDN75_RS13865	2	2	2
CDN75_RS13870	2	2	2
CDN75_RS13875	2	2	2
CDN75_RS13880	2	2	2
CDN75_RS13890	2	2	2
CDN75_RS13895	2	2	2
CDN75_RS13900	2	2	2
CDN75_RS13905	2	2	2
CDN75_RS13910	2	2	2
CDN75_RS13915	2	2	2
CDN75_RS13920	2	2	2
CDN75_RS13925	2	2	2
CDN75_RS13935	1	2	3
CDN75_RS13950	2	2	2
CDN75_RS13955	2	2	2
CDN75_RS13960	2	2	2
CDN75_RS13965	2	2	2
CDN75_RS13970	2	2	1
CDN75_RS13975	2	2	2
CDN75_RS13980	2	2	2
CDN75_RS13985	2	2	2
CDN75_RS13990	2	2	2
CDN75_RS13995	2	2	2
CDN75_RS14000	2	2	3
CDN75_RS14005	2	2	2
CDN75_RS14015	2	2	2
CDN75_RS14020	2	2	2
CDN75_RS14025	2	2	2
CDN75_RS14030	2	2	2
CDN75_RS14035	2	2	2
CDN75_RS14040	2	2	2
CDN75_RS14045	2	2	2
CDN75_RS14050	2	2	2
CDN75_RS14055	2	2	2
CDN75_RS14060	2	2	2
CDN75_RS14065	2	2	2
CDN75_RS14070	2	2	2
CDN75_RS14075	2	2	2
CDN75_RS14080	2	2	2
CDN75_RS14085	2	2	2
CDN75_RS14095	2	2	2
CDN75_RS14100	2	2	2
CDN75_RS14105	2	2	2
CDN75_RS14115	2	2	2
CDN75_RS14120	2	2	2
CDN75_RS14130	2	2	2
CDN75_RS14135	2	2	2
CDN75_RS14140	2	2	2
CDN75_RS14145	2	2	1
CDN75_RS14150	2	2	2
CDN75_RS14155	2	2	2
CDN75_RS14160	2	2	2
CDN75_RS14165	2	2	2
CDN75_RS14170	2	2	2
CDN75_RS14175	2	2	1
CDN75_RS14195	2	2	2
CDN75_RS14205	2	2	2
CDN75_RS14210	2	2	2
CDN75_RS14215	2	2	2
CDN75_RS14220	2	2	3
CDN75_RS14225	2	2	2
CDN75_RS14230	2	2	2
CDN75_RS14235	2	2	2
CDN75_RS14240	2	2	2
CDN75_RS14255	2	2	2
CDN75_RS14260	2	2	2
CDN75_RS14265	2	2	2
CDN75_RS14270	2	2	2
CDN75_RS14275	2	2	2
CDN75_RS14280	2	2	2
CDN75_RS14285	2	2	2
CDN75_RS14290	2	2	2
CDN75_RS14295	2	2	2
CDN75_RS14300	2	2	2
CDN75_RS14305	2	2	2
CDN75_RS14310	2	2	2
CDN75_RS14315	2	2	2
CDN75_RS14320	2	2	2
CDN75_RS14325	2	2	2
CDN75_RS14330	2	2	2
CDN75_RS14335	2	2	2
CDN75_RS14340	2	2	2
CDN75_RS14345	2	2	2
CDN75_RS14355	2	2	2
CDN75_RS14360	2	2	2
CDN75_RS14365	2	2	1
CDN75_RS14370	2	2	2
CDN75_RS14375	2	2	2
CDN75_RS14380	3	2	2
CDN75_RS14385	3	2	2
CDN75_RS14390	3	2	2
CDN75_RS14395	2	2	2
CDN75_RS14400	2	2	2
CDN75_RS14405	2	2	2
CDN75_RS14410	2	2	3
CDN75_RS14415	2	2	2
CDN75_RS14420	2	2	2
CDN75_RS14425	2	2	2
CDN75_RS14430	2	2	2
CDN75_RS14435	2	2	2
CDN75_RS14440	2	2	2
CDN75_RS14445	2	2	1
CDN75_RS14450	2	2	2
CDN75_RS14455	2	2	2
CDN75_RS14460	2	2	1
CDN75_RS14465	2	2	2
CDN75_RS14470	2	2	2
CDN75_RS14475	2	2	2
CDN75_RS14480	2	2	2
CDN75_RS14485	2	2	2
CDN75_RS14490	2	2	2
CDN75_RS14495	2	2	2
CDN75_RS14500	2	2	2
CDN75_RS14505	2	2	2
CDN75_RS14510	2	2	2
CDN75_RS14515	2	2	2
CDN75_RS14520	2	2	2
CDN75_RS14525	2	2	2
CDN75_RS14530	2	2	2
CDN75_RS14535	2	2	2
CDN75_RS14540	2	2	2
CDN75_RS14545	2	2	2
CDN75_RS14550	2	2	2
CDN75_RS14555	2	2	2
CDN75_RS14560	2	2	2
CDN75_RS14565	2	2	2
CDN75_RS14570	2	2	2
CDN75_RS14575	2	2	2
CDN75_RS14580	2	2	2
CDN75_RS14585	2	2	1
CDN75_RS14590	3	2	2
CDN75_RS14595	3	2	2
CDN75_RS14600	2	2	2
CDN75_RS14605	2	2	2
CDN75_RS14615	2	2	2
CDN75_RS14620	2	2	2
CDN75_RS14625	2	2	1
CDN75_RS14630	2	2	2
CDN75_RS14635	2	2	1
CDN75_RS14640	2	3	2
CDN75_RS14645	3	2	2
CDN75_RS14650	2	2	2
CDN75_RS14655	2	2	2
CDN75_RS14660	2	2	2
CDN75_RS14665	2	2	2
CDN75_RS14680	2	2	2
CDN75_RS14685	2	2	2
CDN75_RS14695	2	2	2
CDN75_RS14700	2	2	2
CDN75_RS14705	2	2	2
CDN75_RS14710	2	2	2
CDN75_RS14715	2	2	2
CDN75_RS14720	2	2	3
CDN75_RS14725	2	2	2
CDN75_RS14735	2	2	2
CDN75_RS14740	2	2	2
CDN75_RS14750	2	2	2
CDN75_RS14755	2	2	2
CDN75_RS14760	2	2	2
CDN75_RS14765	2	2	2
CDN75_RS14775	2	2	2
CDN75_RS14780	2	2	2
CDN75_RS14785	2	2	2
CDN75_RS14790	2	2	2
CDN75_RS14795	2	2	2
CDN75_RS14800	2	2	2
CDN75_RS14805	2	2	2
CDN75_RS14810	2	2	2
CDN75_RS14815	2	2	2
CDN75_RS14820	2	2	2
CDN75_RS14825	2	2	2
CDN75_RS14830	2	2	2
CDN75_RS14835	2	2	2
CDN75_RS14840	2	2	1
CDN75_RS14845	2	2	1
CDN75_RS14850	2	2	1
CDN75_RS14855	2	2	2
CDN75_RS14860	2	2	2
CDN75_RS14865	2	2	2
CDN75_RS14870	2	2	2
CDN75_RS14875	2	2	2
CDN75_RS14880	2	2	2
CDN75_RS14885	2	2	2
CDN75_RS14895	2	2	2
CDN75_RS14900	2	2	2
CDN75_RS14905	2	2	2
CDN75_RS14910	2	2	2
CDN75_RS14915	2	2	2
CDN75_RS14920	2	2	2
CDN75_RS14925	2	2	2
CDN75_RS14930	2	2	2
CDN75_RS14935	2	2	2
CDN75_RS14940	2	2	2
CDN75_RS14945	2	2	1
CDN75_RS14950	2	2	1
CDN75_RS14955	2	2	2
CDN75_RS14960	2	2	2
CDN75_RS14965	2	2	2
CDN75_RS14970	2	2	2
CDN75_RS14975	2	2	2
CDN75_RS14980	2	2	2
CDN75_RS14985	2	2	3
CDN75_RS14990	2	2	2
CDN75_RS14995	2	2	2
CDN75_RS15000	2	2	2
CDN75_RS15005	2	2	3
CDN75_RS15010	2	2	3
CDN75_RS15015	2	2	2
CDN75_RS15025	2	2	2
CDN75_RS15030	2	2	2
CDN75_RS15035	2	2	2
CDN75_RS15040	2	2	2
CDN75_RS15045	2	2	2
CDN75_RS15050	2	2	2
CDN75_RS15055	2	2	2
CDN75_RS15060	2	2	2
CDN75_RS15065	2	2	2
CDN75_RS15070	2	2	2
CDN75_RS15075	2	2	2
CDN75_RS15080	2	2	2
CDN75_RS15085	2	2	2
CDN75_RS15090	2	2	2
CDN75_RS15095	2	2	2
CDN75_RS15100	2	2	2
CDN75_RS15105	2	2	2
CDN75_RS15110	2	2	1
CDN75_RS15115	3	2	2
CDN75_RS15120	2	1	2
CDN75_RS15125	2	2	1
CDN75_RS15130	2	2	2
CDN75_RS15135	2	2	2
CDN75_RS15140	2	2	2
CDN75_RS15145	2	2	2
CDN75_RS15150	2	2	2
CDN75_RS15155	2	2	2
CDN75_RS15160	2	2	2
CDN75_RS15165	2	2	2
CDN75_RS15175	2	2	2
CDN75_RS15180	2	2	2
CDN75_RS15185	2	2	3
CDN75_RS15190	2	2	2
CDN75_RS15195	2	2	2
CDN75_RS15200	2	2	2
CDN75_RS15205	2	2	2
CDN75_RS15210	2	2	2
CDN75_RS15220	2	2	2
CDN75_RS15225	2	2	1
CDN75_RS15230	3	2	1
CDN75_RS15235	2	2	1
CDN75_RS15240	2	2	1
CDN75_RS15245	2	2	2
CDN75_RS15250	2	2	2
CDN75_RS15255	2	2	2
CDN75_RS15260	2	2	2
CDN75_RS15265	2	2	2
CDN75_RS15270	2	2	2
CDN75_RS15275	2	2	2
CDN75_RS15280	2	2	2
CDN75_RS15285	2	2	2
CDN75_RS15290	2	2	2
CDN75_RS15295	2	2	2
CDN75_RS15300	2	2	2
CDN75_RS15305	2	2	2
CDN75_RS15310	2	2	1
CDN75_RS15315	2	2	2
CDN75_RS15320	2	2	2
CDN75_RS15325	2	2	2
CDN75_RS15330	2	2	2
CDN75_RS15335	2	2	2
CDN75_RS15345	2	2	2
CDN75_RS15350	2	2	2
CDN75_RS15355	2	2	2
CDN75_RS15360	2	2	3
CDN75_RS15365	2	2	2
CDN75_RS15370	2	2	2
CDN75_RS15375	2	2	2
CDN75_RS15380	2	2	2
CDN75_RS15385	2	2	2
CDN75_RS15390	2	2	2
CDN75_RS15395	2	2	2
CDN75_RS15400	2	2	2
CDN75_RS15405	2	2	2
CDN75_RS15410	2	2	3
CDN75_RS15420	3	2	2
CDN75_RS15425	3	2	2
CDN75_RS15430	2	2	2
CDN75_RS15435	2	2	2
CDN75_RS15440	2	2	2
CDN75_RS15445	2	2	2
CDN75_RS15450	2	2	2
CDN75_RS15455	2	2	1
CDN75_RS15460	2	2	2
CDN75_RS15465	2	2	3
CDN75_RS15470	2	2	2
CDN75_RS15475	2	2	2
CDN75_RS15480	2	2	3
CDN75_RS15485	2	2	3
CDN75_RS15490	2	2	3
CDN75_RS15495	2	2	2
CDN75_RS15500	2	2	2
CDN75_RS15505	2	2	2
CDN75_RS15510	2	2	2
CDN75_RS15515	2	2	2
CDN75_RS15520	2	2	2
CDN75_RS15525	2	2	2
CDN75_RS15530	2	2	2
CDN75_RS15535	2	2	2
CDN75_RS15540	2	2	2
CDN75_RS15545	2	2	2
CDN75_RS15550	2	2	2
CDN75_RS15555	2	2	2
CDN75_RS15560	2	2	2
CDN75_RS15565	2	2	2
CDN75_RS15570	2	2	2
CDN75_RS15575	2	2	3
CDN75_RS15580	2	2	2
CDN75_RS15585	2	2	2
CDN75_RS15590	2	2	2
CDN75_RS15595	2	2	3
CDN75_RS15600	2	2	2
CDN75_RS15605	2	2	2
CDN75_RS15610	2	2	2
CDN75_RS15615	2	2	1
CDN75_RS15620	2	2	2
CDN75_RS15625	2	2	2
CDN75_RS15630	2	2	2
CDN75_RS15635	2	2	2
CDN75_RS15640	2	2	2
CDN75_RS15645	2	2	2
CDN75_RS15655	2	2	2
CDN75_RS15660	2	2	2
CDN75_RS15665	2	2	2
CDN75_RS15670	2	2	2
CDN75_RS15675	2	2	2
CDN75_RS15680	2	2	3
CDN75_RS15690	2	2	2
CDN75_RS15695	2	2	2
CDN75_RS15700	2	2	2
CDN75_RS15705	2	2	2
CDN75_RS15710	2	2	2
CDN75_RS15715	2	2	1
CDN75_RS15720	2	2	2
CDN75_RS15725	2	2	1
CDN75_RS15730	2	3	2
CDN75_RS15735	2	2	2
CDN75_RS15740	2	2	2
CDN75_RS15745	2	2	2
CDN75_RS15760	1	2	2
CDN75_RS15765	2	2	1
CDN75_RS15770	2	2	1
CDN75_RS15775	2	2	2
CDN75_RS15780	2	2	2
CDN75_RS15785	2	2	2
CDN75_RS15790	2	2	2
CDN75_RS15795	2	2	2
CDN75_RS15800	2	2	2
CDN75_RS15810	2	2	2
CDN75_RS15815	2	2	2
CDN75_RS15820	2	2	2
CDN75_RS15825	2	2	2
CDN75_RS15830	2	2	2
CDN75_RS15835	2	2	2
CDN75_RS15840	2	2	2
CDN75_RS15845	3	2	2
CDN75_RS15850	2	2	2
CDN75_RS15855	2	2	2
CDN75_RS15860	2	2	2
CDN75_RS15865	2	2	2
CDN75_RS15870	2	2	2
CDN75_RS15875	2	2	2
CDN75_RS15880	2	2	2
CDN75_RS15885	2	2	2
CDN75_RS15890	2	2	2
CDN75_RS15895	2	2	2
CDN75_RS15900	2	2	3
CDN75_RS15910	2	2	2
CDN75_RS15915	2	2	2
CDN75_RS15920	2	2	2
CDN75_RS15925	2	2	2
CDN75_RS15935	2	3	1
CDN75_RS15940	2	2	2
CDN75_RS15945	2	2	2
CDN75_RS15950	2	2	2
CDN75_RS15955	2	2	2
CDN75_RS15960	2	2	2
CDN75_RS15965	2	2	3
CDN75_RS15970	2	2	3
CDN75_RS15975	2	2	3
CDN75_RS15980	2	2	2
CDN75_RS15985	2	2	2
CDN75_RS15990	2	2	3
CDN75_RS15995	2	2	3
CDN75_RS16000	2	2	2
CDN75_RS16005	2	2	2
CDN75_RS16010	2	2	2
CDN75_RS16015	2	2	2
CDN75_RS16020	2	2	3
CDN75_RS16035	2	2	3
CDN75_RS16040	2	2	2
CDN75_RS16045	2	2	2
CDN75_RS16050	1	2	2
CDN75_RS16055	2	2	2
CDN75_RS16060	2	2	2
CDN75_RS16065	1	2	3
CDN75_RS16070	2	2	2
CDN75_RS16075	2	2	1
CDN75_RS16080	3	2	1
CDN75_RS16085	2	2	1
CDN75_RS16095	3	2	1
CDN75_RS16100	2	2	1
CDN75_RS16105	2	2	1
CDN75_RS16125	2	2	2
CDN75_RS16130	2	2	2
CDN75_RS16135	2	2	2
CDN75_RS16140	2	2	2
CDN75_RS16145	2	2	2
CDN75_RS16150	2	2	2
CDN75_RS16155	2	2	3
CDN75_RS16160	2	2	2
CDN75_RS16170	2	2	2
CDN75_RS16175	2	2	2
CDN75_RS16180	2	2	2
CDN75_RS16185	2	2	2
CDN75_RS16190	2	2	2
CDN75_RS16195	2	2	2
CDN75_RS16200	2	2	2
CDN75_RS16205	2	2	1
CDN75_RS16210	2	2	1
CDN75_RS16215	2	2	3
CDN75_RS16220	2	2	3
CDN75_RS16225	2	2	3
CDN75_RS16230	2	2	2
CDN75_RS16235	1	2	3
CDN75_RS16245	2	2	3
CDN75_RS16250	2	2	3
CDN75_RS16255	2	2	2
CDN75_RS16275	2	2	2
CDN75_RS16280	2	2	2
CDN75_RS16285	2	2	2
CDN75_RS16290	2	2	2
CDN75_RS16295	2	2	2
CDN75_RS16300	2	2	2
CDN75_RS16310	2	2	2
CDN75_RS16315	2	2	2
CDN75_RS16320	2	2	2
CDN75_RS16325	2	2	2
CDN75_RS16335	2	2	2
CDN75_RS16340	2	2	3
CDN75_RS16350	2	2	2
CDN75_RS16355	2	2	2
CDN75_RS16360	2	2	3
CDN75_RS16365	2	2	2
CDN75_RS16370	2	2	2
CDN75_RS16375	2	2	2
CDN75_RS16380	2	2	1
CDN75_RS16385	2	2	2
CDN75_RS16390	2	2	2
CDN75_RS16395	2	2	3
CDN75_RS16400	2	2	3
CDN75_RS16405	3	1	2
CDN75_RS16410	3	1	2
CDN75_RS16415	3	2	2
CDN75_RS16425	2	2	2
CDN75_RS16430	2	2	2
CDN75_RS16435	2	2	2
CDN75_RS16440	2	2	2
CDN75_RS16445	1	2	2
CDN75_RS16450	2	2	2
CDN75_RS16455	2	2	2
CDN75_RS16460	2	2	2
CDN75_RS16465	2	2	2
CDN75_RS16470	2	2	2
CDN75_RS16475	2	2	2
CDN75_RS16480	2	2	2
CDN75_RS16485	2	2	2
CDN75_RS16495	2	2	2
CDN75_RS16500	2	2	2
CDN75_RS16505	2	2	3
CDN75_RS16510	2	2	2
CDN75_RS16520	2	2	2
CDN75_RS16525	2	2	2
CDN75_RS16530	1	2	2
CDN75_RS16535	2	3	2
CDN75_RS16540	2	2	2
CDN75_RS16545	2	2	2
CDN75_RS16550	2	2	2
CDN75_RS16555	2	2	3
CDN75_RS16560	3	2	2
CDN75_RS16565	2	2	3
CDN75_RS16570	2	2	2
CDN75_RS16575	2	2	2
CDN75_RS16580	2	2	2
CDN75_RS16585	2	2	2
CDN75_RS16590	2	2	2
CDN75_RS16595	2	2	2
CDN75_RS16605	2	2	2
CDN75_RS16610	2	2	2
CDN75_RS16615	2	2	2
CDN75_RS16620	2	2	2
CDN75_RS16630	2	2	2
CDN75_RS16635	2	2	2
CDN75_RS16640	2	2	3
CDN75_RS16645	2	2	2
CDN75_RS16650	2	2	2
CDN75_RS16660	2	2	2
CDN75_RS16670	2	2	2
CDN75_RS16675	2	2	2
CDN75_RS16680	2	2	2
CDN75_RS16685	2	2	2
CDN75_RS16695	3	2	2
CDN75_RS16700	2	2	2
CDN75_RS16705	2	2	2
CDN75_RS16710	2	2	2
CDN75_RS16715	2	2	2
CDN75_RS16720	2	2	2
CDN75_RS16725	2	2	2
CDN75_RS16730	2	2	2
CDN75_RS16735	2	2	2
CDN75_RS16740	2	2	2
CDN75_RS16745	2	2	3
CDN75_RS16750	2	2	2
CDN75_RS16755	2	2	2
CDN75_RS16760	2	2	2
CDN75_RS16765	2	2	3
CDN75_RS16770	2	2	2
CDN75_RS16775	2	2	3
CDN75_RS16780	2	1	2
CDN75_RS16785	2	2	2
CDN75_RS16790	2	2	2
CDN75_RS16795	2	2	2
CDN75_RS16800	2	2	2
CDN75_RS16805	2	2	2
CDN75_RS16810	2	2	2
CDN75_RS16815	2	2	2
CDN75_RS16820	2	2	2
CDN75_RS16825	2	2	2
CDN75_RS16830	2	2	1
CDN75_RS16835	2	2	1
CDN75_RS16840	2	2	2
CDN75_RS16845	2	2	3
CDN75_RS16850	2	2	2
CDN75_RS16855	2	2	2
CDN75_RS16860	2	2	2
CDN75_RS16865	2	2	2
CDN75_RS16870	2	2	2
CDN75_RS16875	2	2	2
CDN75_RS16880	2	2	2
CDN75_RS16885	2	2	2
CDN75_RS16890	2	2	2
CDN75_RS16895	2	2	2
CDN75_RS16900	2	2	2
CDN75_RS16905	2	2	2
CDN75_RS16910	2	2	2
CDN75_RS16915	2	2	2
CDN75_RS16925	2	2	1
CDN75_RS16930	2	2	2
CDN75_RS16935	2	2	2
CDN75_RS16940	2	2	2
CDN75_RS16945	2	2	2
CDN75_RS16950	2	2	2
CDN75_RS16955	2	2	3
CDN75_RS16965	2	2	2
CDN75_RS16970	2	2	2
CDN75_RS16975	2	2	2
CDN75_RS16980	2	2	2
CDN75_RS16985	2	2	2
CDN75_RS16990	2	2	2
CDN75_RS16995	2	2	2
CDN75_RS17000	2	2	2
CDN75_RS17005	2	2	2
CDN75_RS17010	2	2	2
CDN75_RS17015	2	2	2
CDN75_RS17020	2	2	3
CDN75_RS17025	2	2	2
CDN75_RS17030	2	2	2
CDN75_RS17035	2	2	2
CDN75_RS17040	2	2	2
CDN75_RS17045	2	2	2
CDN75_RS17060	2	2	2
CDN75_RS17070	2	2	2
CDN75_RS17075	2	2	2
CDN75_RS17080	2	2	2
CDN75_RS17085	2	2	3
CDN75_RS17090	2	2	2
CDN75_RS17095	2	2	2
CDN75_RS17100	2	2	2
CDN75_RS17115	2	2	2
CDN75_RS17125	2	2	2
CDN75_RS17130	2	2	2
CDN75_RS17135	2	2	3
CDN75_RS17140	2	2	2
CDN75_RS17145	2	2	2
CDN75_RS17155	2	2	2
CDN75_RS17160	2	2	2
CDN75_RS17165	2	2	2
CDN75_RS17170	2	2	2
CDN75_RS17175	2	2	2
CDN75_RS17180	2	2	2
CDN75_RS17185	2	2	2
CDN75_RS17190	2	2	2
CDN75_RS17195	2	2	2
CDN75_RS17200	2	2	2
CDN75_RS17205	2	2	3
CDN75_RS17215	2	2	2
CDN75_RS17220	2	2	2
CDN75_RS17225	2	2	2
CDN75_RS17230	2	2	2
CDN75_RS17235	2	2	2
CDN75_RS17240	2	2	2
CDN75_RS17245	2	2	2
CDN75_RS17250	3	2	2
CDN75_RS17255	2	2	2
CDN75_RS17260	2	2	1
CDN75_RS17265	2	2	2
CDN75_RS17270	2	2	2
CDN75_RS17275	2	2	3
CDN75_RS17280	2	2	3
CDN75_RS17285	2	2	2
CDN75_RS17295	2	2	3
CDN75_RS17300	2	2	2
CDN75_RS17305	2	2	2
CDN75_RS17310	2	2	2
CDN75_RS17315	2	2	2
CDN75_RS17320	2	2	2
CDN75_RS17325	2	2	2
CDN75_RS17330	2	2	2
CDN75_RS17335	2	2	2
CDN75_RS17340	2	2	2
CDN75_RS17345	2	2	2
CDN75_RS17350	2	2	2
CDN75_RS17355	2	2	2
CDN75_RS17360	2	2	2
CDN75_RS17365	2	2	2
CDN75_RS17370	2	2	2
CDN75_RS17375	2	2	2
CDN75_RS17380	2	2	2
CDN75_RS17385	2	2	2
CDN75_RS17390	2	2	2
CDN75_RS17395	2	2	3
CDN75_RS17400	2	2	2
CDN75_RS17410	2	2	2
CDN75_RS17415	2	2	2
CDN75_RS17445	2	2	2
CDN75_RS17460	2	2	1
CDN75_RS17465	2	2	2
CDN75_RS17470	2	3	2
CDN75_RS17475	2	2	2
CDN75_RS17490	2	2	2
CDN75_RS17510	2	2	3
CDN75_RS17515	2	2	2
CDN75_RS17520	2	2	2
CDN75_RS17525	2	2	2
CDN75_RS17530	2	2	3
CDN75_RS17535	2	2	3
CDN75_RS17540	2	2	3
CDN75_RS17555	2	2	2
CDN75_RS17565	2	2	2
CDN75_RS17570	2	2	2
CDN75_RS17575	2	2	2
CDN75_RS17580	2	2	1
CDN75_RS17585	2	2	2
CDN75_RS17590	2	2	2
CDN75_RS17595	2	2	2
CDN75_RS17600	2	2	2
CDN75_RS17605	2	2	2
CDN75_RS17610	2	2	1
CDN75_RS17615	2	2	2
CDN75_RS17625	2	2	2
CDN75_RS17630	2	2	2
CDN75_RS17635	2	2	2
CDN75_RS17660	2	2	2
CDN75_RS17665	2	2	2
CDN75_RS17670	2	2	1
CDN75_RS17685	2	2	2
CDN75_RS17695	2	2	2
CDN75_RS17700	2	2	2
CDN75_RS17710	2	2	3
CDN75_RS17715	2	2	3
CDN75_RS17720	2	2	3
CDN75_RS17725	2	2	3
CDN75_RS17730	2	2	3
CDN75_RS17735	2	2	3
CDN75_RS17740	2	2	3
CDN75_RS17745	2	2	2
CDN75_RS17755	2	2	2
CDN75_RS17760	2	2	2
CDN75_RS17770	2	2	2
CDN75_RS17775	2	2	2
CDN75_RS17785	2	2	2
CDN75_RS17790	2	2	2
CDN75_RS17795	2	2	2
CDN75_RS17800	2	2	2
CDN75_RS17805	2	2	3
CDN75_RS17815	2	2	2
CDN75_RS17820	2	2	2
CDN75_RS17825	2	2	2
CDN75_RS17830	2	2	2
CDN75_RS17835	2	2	2
CDN75_RS17840	2	2	2
CDN75_RS17845	2	2	3
CDN75_RS17850	2	2	2
CDN75_RS17865	2	2	2
CDN75_RS17870	2	2	1
CDN75_RS17890	2	2	2
CDN75_RS17895	2	2	2
CDN75_RS17900	2	2	2
CDN75_RS17905	2	2	2
CDN75_RS17910	2	2	2
CDN75_RS17920	2	2	2
CDN75_RS17925	2	2	2
CDN75_RS17930	2	2	1
CDN75_RS17935	2	2	1
CDN75_RS17945	2	2	2
CDN75_RS17950	2	2	2
CDN75_RS17955	3	2	1
CDN75_RS17960	2	2	2
CDN75_RS17965	2	2	2
CDN75_RS17970	2	2	2
CDN75_RS17975	2	2	2
CDN75_RS17980	2	2	2
CDN75_RS17985	2	2	2
CDN75_RS17990	2	2	2
CDN75_RS17995	2	2	2
CDN75_RS18000	2	2	3
CDN75_RS18005	2	2	3
CDN75_RS18010	2	2	2
CDN75_RS18015	3	2	1
CDN75_RS18020	2	2	1
CDN75_RS18025	2	2	1
CDN75_RS18030	2	2	2
CDN75_RS18035	2	2	2
CDN75_RS18040	2	2	2
CDN75_RS18045	2	2	2
CDN75_RS18050	2	2	2
CDN75_RS18055	2	2	3
CDN75_RS18060	2	2	3
CDN75_RS18065	2	2	3
CDN75_RS18070	2	2	3
CDN75_RS18075	2	2	3
CDN75_RS18080	2	2	2
CDN75_RS18085	2	2	2
CDN75_RS18090	2	2	2
CDN75_RS18095	2	2	2
CDN75_RS18100	2	2	2
CDN75_RS18105	2	2	2
CDN75_RS18110	2	2	2
CDN75_RS18115	2	2	2
CDN75_RS18120	2	2	2
CDN75_RS18125	2	2	2
CDN75_RS18130	2	2	2
CDN75_RS18135	2	2	2
CDN75_RS18145	2	2	2
CDN75_RS18150	2	2	2
CDN75_RS18155	2	2	2
CDN75_RS18160	2	2	2
CDN75_RS18165	2	2	2
CDN75_RS18170	2	2	2
CDN75_RS18175	2	2	2
CDN75_RS18180	2	2	2
CDN75_RS18185	2	2	2
CDN75_RS18190	2	2	3
CDN75_RS18195	2	2	3
CDN75_RS18200	2	2	2
CDN75_RS18205	2	2	2
CDN75_RS18210	2	2	2
CDN75_RS18215	2	2	2
CDN75_RS18220	2	2	2
CDN75_RS18225	2	2	2
CDN75_RS18230	2	2	2
CDN75_RS18235	2	2	2
CDN75_RS18240	2	2	2
CDN75_RS18245	2	2	2
CDN75_RS18250	2	2	2
CDN75_RS18260	2	2	2
CDN75_RS18265	2	2	2
CDN75_RS18270	2	2	2
CDN75_RS18275	2	2	2
CDN75_RS18280	2	2	2
CDN75_RS18285	2	2	2
CDN75_RS18290	2	2	3
CDN75_RS18295	2	2	3
CDN75_RS18305	2	2	2
CDN75_RS18310	2	2	2
CDN75_RS18315	2	2	2
CDN75_RS18320	2	2	2
CDN75_RS18325	2	2	2
CDN75_RS18330	2	2	2
CDN75_RS18335	2	2	2
CDN75_RS18340	2	2	2
CDN75_RS18345	2	2	2
CDN75_RS18350	2	2	2
CDN75_RS18355	2	2	3
CDN75_RS18360	2	2	3
CDN75_RS18370	2	2	2
CDN75_RS18375	2	2	1
CDN75_RS18380	2	2	2
CDN75_RS18385	2	2	2
CDN75_RS18390	2	2	2
CDN75_RS18395	2	2	2
CDN75_RS18400	2	2	2
CDN75_RS18405	2	2	3
CDN75_RS18410	2	2	2
CDN75_RS18415	2	2	2
CDN75_RS18420	2	2	2
CDN75_RS18425	2	2	2
CDN75_RS18430	2	2	2
CDN75_RS18435	2	2	2
CDN75_RS18440	2	2	2
CDN75_RS18445	2	2	2
CDN75_RS18450	2	2	2
CDN75_RS18455	2	2	2
CDN75_RS18460	2	2	2
CDN75_RS18465	2	2	2
CDN75_RS18470	2	2	2
CDN75_RS18475	2	2	2
CDN75_RS18485	2	2	2
CDN75_RS18495	2	2	2
CDN75_RS18500	2	2	2
CDN75_RS18505	2	2	3
CDN75_RS18510	2	2	2
CDN75_RS18515	2	2	2
CDN75_RS18520	2	2	2
CDN75_RS18530	2	2	2
CDN75_RS18535	2	2	2
CDN75_RS18540	2	2	2
CDN75_RS18545	2	2	2
CDN75_RS18550	2	2	2
CDN75_RS18560	2	2	2
CDN75_RS18565	2	2	2
CDN75_RS18570	2	2	1
CDN75_RS18575	2	2	1
CDN75_RS18580	2	2	2
CDN75_RS18585	2	2	2
CDN75_RS18590	2	2	2
CDN75_RS18595	2	2	2
CDN75_RS18600	2	2	2
CDN75_RS18605	2	2	2
CDN75_RS18610	3	2	2
CDN75_RS18615	2	2	2
CDN75_RS18625	2	2	2
CDN75_RS18630	2	2	2
CDN75_RS18635	2	2	2
CDN75_RS18640	2	2	2
CDN75_RS18645	2	2	2
CDN75_RS18650	2	2	2
CDN75_RS18655	2	2	2
CDN75_RS18660	2	2	2
CDN75_RS18665	2	2	2
CDN75_RS18670	2	2	2
CDN75_RS18675	2	2	2
CDN75_RS18680	2	2	2
CDN75_RS18685	2	2	2
CDN75_RS18690	2	2	2
CDN75_RS18695	2	2	2
CDN75_RS18700	2	2	2
CDN75_RS18705	2	2	2
CDN75_RS18710	2	2	2
CDN75_RS18715	2	2	2
CDN75_RS18720	2	2	2
CDN75_RS18725	2	2	2
CDN75_RS18730	2	2	2
CDN75_RS18740	2	2	2
CDN75_RS18745	2	2	2
CDN75_RS18750	2	2	2
CDN75_RS18760	2	2	2
CDN75_RS18765	2	2	2
CDN75_RS18770	2	2	2
CDN75_RS18775	2	2	2
CDN75_RS18780	2	2	3
CDN75_RS18790	2	2	2
CDN75_RS18795	2	2	2
CDN75_RS18800	2	2	2
CDN75_RS18805	2	2	2
CDN75_RS18815	2	2	2
CDN75_RS18820	2	2	2
CDN75_RS18825	2	2	2
CDN75_RS18830	2	2	2
CDN75_RS18835	2	2	3
CDN75_RS18840	2	2	2
CDN75_RS18845	2	2	3
CDN75_RS18850	2	2	2
CDN75_RS18855	2	2	3
CDN75_RS18860	2	2	2
CDN75_RS18865	2	2	2
CDN75_RS18870	2	2	2
CDN75_RS18875	2	2	2
CDN75_RS18880	2	2	2
CDN75_RS18895	2	2	2
CDN75_RS18900	2	2	2
CDN75_RS18905	2	2	2
CDN75_RS18910	2	2	2
CDN75_RS18915	2	2	2
CDN75_RS18920	2	3	2
CDN75_RS18925	2	2	1
CDN75_RS18930	2	2	1
CDN75_RS18935	2	2	2
CDN75_RS18940	2	3	2
CDN75_RS18945	2	2	2
CDN75_RS18950	2	2	2
CDN75_RS18955	2	2	2
CDN75_RS18960	2	2	2
CDN75_RS18965	2	2	2
CDN75_RS18970	2	2	2
CDN75_RS18975	2	2	2
CDN75_RS18985	2	2	2
CDN75_RS18990	2	2	3
CDN75_RS18995	2	2	2
CDN75_RS19000	2	2	2
CDN75_RS19005	2	2	2
CDN75_RS19010	2	2	2
CDN75_RS19015	2	2	2
CDN75_RS19020	2	2	2
CDN75_RS19025	2	2	2
CDN75_RS19030	2	2	2
CDN75_RS19035	2	2	2
CDN75_RS19040	2	2	2
CDN75_RS19050	2	2	2
CDN75_RS19055	2	2	2
CDN75_RS19060	2	2	2
CDN75_RS19065	2	2	2
CDN75_RS19070	2	2	2
CDN75_RS19075	2	2	2
CDN75_RS19080	2	2	2
CDN75_RS19090	2	2	2
CDN75_RS19100	2	2	2
CDN75_RS19105	2	2	2
CDN75_RS19110	2	2	2
CDN75_RS19115	2	2	2
CDN75_RS19120	2	2	2
CDN75_RS19125	2	2	2
CDN75_RS19130	2	2	2
CDN75_RS19135	2	2	2
CDN75_RS19140	2	2	2
CDN75_RS19145	2	2	2
CDN75_RS19150	2	2	2
CDN75_RS19155	2	2	2
CDN75_RS19160	2	2	2
CDN75_RS19165	2	2	2
CDN75_RS19170	2	2	2
CDN75_RS19175	2	2	2
CDN75_RS19180	2	2	3
CDN75_RS19185	2	2	2
CDN75_RS19195	2	2	2
CDN75_RS19200	2	2	2
CDN75_RS19205	2	2	2
CDN75_RS19210	2	2	2
CDN75_RS19215	2	2	2
CDN75_RS19220	2	2	2
CDN75_RS19225	2	2	2
CDN75_RS19230	2	2	2
CDN75_RS19235	2	2	2
CDN75_RS19240	2	2	2
CDN75_RS19245	2	2	2
CDN75_RS19250	2	2	2
CDN75_RS19255	2	2	2
CDN75_RS19260	2	2	1
CDN75_RS19265	2	2	2
CDN75_RS19270	2	2	1
CDN75_RS19275	2	2	1
CDN75_RS19280	2	2	2
CDN75_RS19285	2	3	2
CDN75_RS19290	2	2	2
CDN75_RS19295	2	2	2
CDN75_RS19300	2	2	3
CDN75_RS19310	2	2	2
CDN75_RS19315	2	2	2
CDN75_RS19320	2	2	2
CDN75_RS19325	2	2	2
CDN75_RS19330	2	2	2
CDN75_RS19340	2	2	2
CDN75_RS19345	2	2	2
CDN75_RS19350	2	2	2
CDN75_RS19365	2	2	2
CDN75_RS19370	2	2	3
CDN75_RS19375	2	2	2
CDN75_RS19380	2	2	2
CDN75_RS19385	2	2	2
CDN75_RS19390	2	2	2
CDN75_RS19395	2	2	2
CDN75_RS19400	2	2	2
CDN75_RS19405	2	2	2
CDN75_RS19410	2	2	2
CDN75_RS19420	2	2	2
CDN75_RS19425	2	2	2
CDN75_RS19430	2	2	2
CDN75_RS19435	2	2	2
CDN75_RS19440	2	2	2
CDN75_RS19455	2	2	2
CDN75_RS19460	2	2	2
CDN75_RS19465	2	2	2
CDN75_RS19475	1	2	3
CDN75_RS19490	2	2	2
CDN75_RS19505	2	2	2
CDN75_RS19510	2	2	2
CDN75_RS19515	2	2	2
CDN75_RS19520	2	2	2
CDN75_RS19525	2	2	2
CDN75_RS19530	2	2	1
CDN75_RS19535	2	2	2
CDN75_RS19540	2	2	2
CDN75_RS19545	2	2	2
CDN75_RS19550	2	2	2
CDN75_RS19555	2	2	2
CDN75_RS19560	2	2	2
CDN75_RS19570	2	2	2
CDN75_RS19575	2	2	2
CDN75_RS19580	2	2	2
CDN75_RS19595	2	2	2
CDN75_RS19620	2	2	3
CDN75_RS19630	2	2	2
CDN75_RS19635	2	2	2
CDN75_RS19640	2	2	2
CDN75_RS19645	2	2	2
CDN75_RS19650	2	2	2
CDN75_RS19655	2	2	2
CDN75_RS19660	2	2	2
CDN75_RS19665	2	2	2
CDN75_RS19670	2	2	1
CDN75_RS19680	2	2	2
CDN75_RS19690	2	2	2
CDN75_RS19705	2	3	2
CDN75_RS19710	2	2	2
CDN75_RS19715	2	2	2
CDN75_RS19720	2	2	2
CDN75_RS19725	2	2	3
CDN75_RS19740	2	2	2
CDN75_RS19750	2	2	1
CDN75_RS19755	2	2	2
CDN75_RS19765	2	2	2
CDN75_RS19770	2	2	2
CDN75_RS19775	2	2	2
CDN75_RS19785	2	2	1
CDN75_RS19790	2	2	2
CDN75_RS19800	2	2	2
CDN75_RS19810	2	2	2
CDN75_RS19815	2	2	2
CDN75_RS19820	2	2	2
CDN75_RS19825	2	2	2
CDN75_RS19830	2	2	2
CDN75_RS19835	2	2	3
CDN75_RS19845	2	2	2
CDN75_RS19850	2	2	2
CDN75_RS19865	2	2	2
CDN75_RS19870	2	2	2
CDN75_RS19875	2	2	2
CDN75_RS19880	2	2	2
CDN75_RS19885	2	2	2
CDN75_RS19890	2	2	2
CDN75_RS19895	2	2	2
CDN75_RS19900	2	2	3
CDN75_RS19905	2	2	2
CDN75_RS19910	2	2	2
CDN75_RS19915	2	2	2
CDN75_RS19920	2	2	2
CDN75_RS19925	2	2	2
CDN75_RS19930	2	2	2
CDN75_RS19935	2	2	2
CDN75_RS19940	2	2	2
CDN75_RS19945	2	2	2
CDN75_RS19950	2	2	2
CDN75_RS19960	2	2	2
CDN75_RS19965	2	2	2
CDN75_RS19970	2	2	2
CDN75_RS19975	2	2	2
CDN75_RS19980	2	2	2
CDN75_RS19985	2	2	2
CDN75_RS19990	2	2	2
CDN75_RS19995	2	2	2
CDN75_RS20000	2	2	2
CDN75_RS20005	2	2	2
CDN75_RS20010	2	2	2
CDN75_RS20015	2	2	2
CDN75_RS20020	2	2	2
CDN75_RS20025	2	2	2
CDN75_RS20030	2	2	2
CDN75_RS20035	2	2	2
CDN75_RS20040	2	2	2
CDN75_RS20045	2	2	2
CDN75_RS20050	2	2	2
CDN75_RS20055	2	2	2
CDN75_RS20060	2	2	3
CDN75_RS20065	2	2	2
CDN75_RS20070	2	2	2
CDN75_RS20080	2	2	2
CDN75_RS20090	2	2	2
CDN75_RS20095	2	2	2
CDN75_RS20100	2	2	2
CDN75_RS20105	2	2	2
CDN75_RS20110	2	2	2
CDN75_RS20115	2	2	2
CDN75_RS20120	2	2	2
CDN75_RS20125	2	2	2
CDN75_RS20130	2	2	2
CDN75_RS20135	3	2	2
CDN75_RS20140	2	2	2
CDN75_RS20145	2	2	3
CDN75_RS20150	2	2	3
CDN75_RS20155	2	2	3
CDN75_RS20160	2	2	2
CDN75_RS20165	2	2	2
CDN75_RS20170	2	2	2
CDN75_RS20175	2	2	3
CDN75_RS20180	2	2	2
CDN75_RS20185	2	2	2
CDN75_RS20190	2	2	2
CDN75_RS20195	2	2	2
CDN75_RS20200	1	2	2
CDN75_RS20205	2	2	2
CDN75_RS20210	2	2	2
CDN75_RS20215	2	2	2
CDN75_RS20220	2	2	2
CDN75_RS20225	2	2	2
CDN75_RS20230	2	2	2
CDN75_RS20240	2	2	2
CDN75_RS20245	2	2	2
CDN75_RS20250	2	2	2
CDN75_RS20255	2	2	3
CDN75_RS20265	2	2	2
CDN75_RS20270	2	2	2
CDN75_RS20275	2	2	2
CDN75_RS20280	2	2	2
CDN75_RS20285	2	2	2
CDN75_RS20295	2	2	3
CDN75_RS20300	2	2	2
CDN75_RS20305	2	2	2
CDN75_RS20310	2	2	2
CDN75_RS20315	2	2	2
CDN75_RS20320	2	2	2
CDN75_RS20330	2	2	2
CDN75_RS20335	2	2	2
CDN75_RS20345	2	2	2
CDN75_RS20355	2	2	2
CDN75_RS20360	2	2	3
CDN75_RS20365	2	2	3
CDN75_RS20370	2	2	3
CDN75_RS20375	2	2	3
CDN75_RS20380	2	2	2
CDN75_RS20385	2	2	2
CDN75_RS20390	2	2	2
CDN75_RS20395	2	2	2
CDN75_RS20400	2	2	2
CDN75_RS20405	2	2	2
CDN75_RS20410	2	2	2
CDN75_RS20415	2	2	2
CDN75_RS20420	2	2	2
CDN75_RS20425	2	2	2
CDN75_RS20430	2	2	2
CDN75_RS20440	2	3	2
CDN75_RS20455	2	2	2
CDN75_RS20460	2	2	2
CDN75_RS20465	2	2	2
CDN75_RS20470	2	2	2
CDN75_RS20475	2	2	2
CDN75_RS20480	2	2	2
CDN75_RS20485	2	2	2
CDN75_RS20490	2	2	1
CDN75_RS20495	2	2	2
CDN75_RS20500	2	2	2
CDN75_RS20505	2	2	2
CDN75_RS20510	2	2	2
CDN75_RS20515	2	2	2
CDN75_RS20520	2	2	2
CDN75_RS20525	2	2	2
CDN75_RS20530	2	2	2
CDN75_RS20535	2	2	2
CDN75_RS20540	2	2	2
CDN75_RS20545	2	2	2
CDN75_RS20550	2	2	2
CDN75_RS20560	2	2	2
CDN75_RS20565	2	2	2
CDN75_RS20570	2	2	2
CDN75_RS20575	2	2	2
CDN75_RS20580	2	2	2
CDN75_RS20585	2	2	2
CDN75_RS20590	1	2	2
CDN75_RS20595	2	2	1
CDN75_RS20600	2	2	2
CDN75_RS20605	2	2	2
CDN75_RS20610	2	2	2
CDN75_RS20615	2	2	1
CDN75_RS20620	2	2	2
CDN75_RS20635	2	2	2
CDN75_RS20640	2	2	2
CDN75_RS20645	2	2	2
CDN75_RS20655	2	2	1
CDN75_RS20660	2	2	2
CDN75_RS20670	2	2	2
CDN75_RS20675	2	2	2
CDN75_RS20685	2	2	2
CDN75_RS20710	2	2	2
CDN75_RS20715	2	2	1
CDN75_RS20730	2	2	2
CDN75_RS20740	2	2	2
CDN75_RS20745	2	2	2
CDN75_RS20750	2	2	2
CDN75_RS20755	2	2	2
CDN75_RS20760	2	2	2
CDN75_RS20770	2	2	2
CDN75_RS20775	2	2	2
CDN75_RS20780	2	2	2
CDN75_RS20785	2	2	2
CDN75_RS20790	2	2	2
CDN75_RS20795	2	2	2
CDN75_RS20800	2	2	2
CDN75_RS20805	2	2	2
CDN75_RS20810	2	2	2
CDN75_RS20815	2	2	3
CDN75_RS20830	2	2	2
CDN75_RS20835	1	2	2
CDN75_RS20840	2	2	2
CDN75_RS20845	2	2	3
CDN75_RS20850	2	2	3
CDN75_RS20855	2	2	2
CDN75_RS20860	2	2	3
CDN75_RS20865	2	2	2
CDN75_RS20870	2	2	3
CDN75_RS20875	2	2	3
CDN75_RS20880	2	2	3
CDN75_RS20885	2	2	3
CDN75_RS20890	2	2	3
CDN75_RS20900	2	2	3
CDN75_RS20905	2	2	3
CDN75_RS20910	2	2	3
CDN75_RS20915	2	2	3
CDN75_RS20920	2	2	3
CDN75_RS20925	2	2	2
CDN75_RS20930	2	2	2
CDN75_RS20935	2	2	2
CDN75_RS20940	2	2	2
CDN75_RS20945	2	2	2
CDN75_RS20950	2	2	2
CDN75_RS20955	2	2	2
CDN75_RS20965	2	2	2
CDN75_RS20970	2	2	3
CDN75_RS20975	2	2	2
CDN75_RS20980	2	2	2
CDN75_RS20985	2	2	2
CDN75_RS20995	2	2	2
CDN75_RS21005	2	2	2
CDN75_RS21010	2	2	2
CDN75_RS21015	1	2	2
CDN75_RS21020	2	2	3
CDN75_RS21025	2	2	3
CDN75_RS21030	2	2	2
CDN75_RS21035	2	2	3
CDN75_RS21040	2	2	2
CDN75_RS21045	2	2	2
CDN75_RS21050	2	2	2
CDN75_RS21055	3	2	2
CDN75_RS21065	2	2	3
CDN75_RS21070	2	2	2
CDN75_RS21075	2	2	2
CDN75_RS21085	2	2	2
CDN75_RS21090	2	2	2
CDN75_RS21100	2	2	2
CDN75_RS21110	2	2	2
CDN75_RS21115	2	2	2
CDN75_RS21120	2	2	2
CDN75_RS21125	2	2	2
CDN75_RS21130	2	2	2
CDN75_RS21135	2	2	2
CDN75_RS21140	2	2	2
CDN75_RS21145	2	2	2
CDN75_RS21150	2	2	2
CDN75_RS21155	2	2	2
CDN75_RS21160	2	2	2
CDN75_RS21165	2	2	2
CDN75_RS21170	2	2	2
CDN75_RS21175	2	2	2
CDN75_RS21180	2	2	2
CDN75_RS21185	2	3	2
CDN75_RS21190	2	2	2
CDN75_RS21195	2	2	2
CDN75_RS21200	2	2	2
CDN75_RS21205	2	2	2
CDN75_RS21210	2	2	2
CDN75_RS21215	3	2	1
CDN75_RS21220	2	2	2
CDN75_RS21225	2	2	2
CDN75_RS21230	2	2	2
CDN75_RS21235	2	2	2
CDN75_RS21240	2	2	3
CDN75_RS21250	2	2	2
CDN75_RS21255	2	2	2
CDN75_RS21260	2	2	2
CDN75_RS21265	2	2	2
CDN75_RS21270	2	2	2
CDN75_RS21275	2	2	2
CDN75_RS21280	2	2	1
CDN75_RS21285	2	2	1
CDN75_RS21290	2	2	1
CDN75_RS21295	2	2	1
CDN75_RS21300	2	2	1
CDN75_RS21305	2	2	2
CDN75_RS21315	2	2	2
CDN75_RS21325	2	2	2
CDN75_RS21330	2	2	2
CDN75_RS21335	2	2	2
CDN75_RS21340	2	2	2
CDN75_RS21345	2	2	2
CDN75_RS21350	2	2	2
CDN75_RS21355	2	2	1
CDN75_RS21360	2	2	2
CDN75_RS21365	2	2	2
CDN75_RS21370	2	2	2
CDN75_RS21375	2	2	3
CDN75_RS21380	2	2	2
CDN75_RS21385	2	2	2
CDN75_RS21390	2	2	2
CDN75_RS21395	2	2	2
CDN75_RS21400	2	2	2
CDN75_RS21415	2	2	2
CDN75_RS21420	2	2	3
CDN75_RS21430	2	2	2
CDN75_RS21435	2	2	2
CDN75_RS21440	2	2	2
CDN75_RS21445	2	2	2
CDN75_RS21450	2	2	2
CDN75_RS21455	2	3	2
CDN75_RS21460	2	2	1
CDN75_RS21465	2	2	2
CDN75_RS21470	2	2	2
CDN75_RS21480	2	2	2
CDN75_RS21500	2	2	3
CDN75_RS21505	2	2	3
CDN75_RS21510	2	2	2
CDN75_RS21515	2	2	2
CDN75_RS21520	2	2	2
CDN75_RS21525	2	2	2
CDN75_RS21530	2	2	2
CDN75_RS21535	2	2	2
CDN75_RS21540	2	2	2
CDN75_RS21545	2	2	2
CDN75_RS21550	2	2	2
CDN75_RS21555	2	2	2
CDN75_RS21560	2	2	2
CDN75_RS21565	2	2	2
CDN75_RS21580	2	2	2
CDN75_RS21585	2	2	2
CDN75_RS21590	2	2	2
CDN75_RS21595	2	2	2
CDN75_RS21600	2	2	2
CDN75_RS21605	2	2	2
CDN75_RS21610	2	2	2
CDN75_RS21615	2	2	2
CDN75_RS21620	2	2	2
CDN75_RS21625	2	2	2
CDN75_RS21630	2	2	2
CDN75_RS21640	2	2	2
CDN75_RS21645	2	2	2
CDN75_RS21650	2	2	1
CDN75_RS21655	2	2	2
CDN75_RS21660	2	2	2
CDN75_RS21665	2	2	2
CDN75_RS21670	2	2	2
CDN75_RS21675	2	2	2
CDN75_RS21680	2	2	2
CDN75_RS21685	2	2	2
CDN75_RS21690	2	2	2
CDN75_RS21695	2	2	2
CDN75_RS21700	2	2	1
CDN75_RS21705	2	2	1
CDN75_RS21710	2	2	2
CDN75_RS21715	2	2	1
CDN75_RS21720	2	2	2
CDN75_RS21725	2	2	2
CDN75_RS21730	2	2	3
CDN75_RS21735	2	2	2
CDN75_RS21740	2	2	2
CDN75_RS21745	2	2	2
CDN75_RS21750	2	2	3
CDN75_RS21760	2	2	2
CDN75_RS21765	2	2	2
CDN75_RS21770	2	2	2
CDN75_RS21775	2	2	2
CDN75_RS21780	2	2	2
CDN75_RS21785	2	2	2
CDN75_RS21790	2	2	2
CDN75_RS21795	2	2	2
CDN75_RS21800	2	2	3
CDN75_RS21810	2	2	1
CDN75_RS21815	2	2	2
CDN75_RS21820	2	2	2
CDN75_RS21825	2	2	2
CDN75_RS21830	2	2	2
CDN75_RS21835	2	2	2
CDN75_RS21840	2	2	2
CDN75_RS21845	2	2	2
CDN75_RS21850	2	2	2
CDN75_RS21855	2	2	2
CDN75_RS21865	2	2	3
CDN75_RS21870	2	2	2
CDN75_RS21875	2	2	2
CDN75_RS21880	2	2	2
CDN75_RS21885	2	2	2
CDN75_RS21890	2	2	2
CDN75_RS21895	2	2	3
CDN75_RS21900	2	2	2
CDN75_RS21905	2	2	2
CDN75_RS21910	2	2	2
CDN75_RS21915	2	2	2
CDN75_RS21920	2	2	2
CDN75_RS21925	2	2	2
CDN75_RS21930	2	2	2
CDN75_RS21935	2	2	2
CDN75_RS21940	2	2	3
CDN75_RS21945	2	2	3
CDN75_RS21950	2	2	3
CDN75_RS21955	2	2	2
CDN75_RS21960	2	2	2
CDN75_RS21965	2	2	2
CDN75_RS21970	2	2	2
CDN75_RS21975	2	2	2
CDN75_RS21980	2	2	2
CDN75_RS21985	2	2	2
CDN75_RS21990	2	2	2
CDN75_RS22000	2	2	2
CDN75_RS22005	2	2	2
CDN75_RS22010	2	2	2
CDN75_RS22015	2	2	3
CDN75_RS22020	2	2	2
CDN75_RS22025	2	2	2
CDN75_RS22030	2	2	3
CDN75_RS22040	2	2	2
CDN75_RS22045	2	2	3
CDN75_RS22050	2	2	2
CDN75_RS22055	2	2	2
CDN75_RS22060	2	2	2
CDN75_RS22075	2	2	3
CDN75_RS22085	2	2	2
CDN75_RS22090	2	2	2
CDN75_RS22095	2	2	2
CDN75_RS22100	1	2	3
CDN75_RS22105	2	2	2
CDN75_RS22110	2	2	2
CDN75_RS22115	2	2	2
CDN75_RS22120	2	2	2
CDN75_RS22125	2	2	3
CDN75_RS22130	2	2	2
CDN75_RS22135	2	2	2
CDN75_RS22140	1	2	2
CDN75_RS22145	2	2	2
CDN75_RS22150	2	2	2
CDN75_RS22155	2	2	2
CDN75_RS22160	2	2	2
CDN75_RS22165	2	2	2
CDN75_RS22170	2	2	2
CDN75_RS22175	2	2	2
CDN75_RS22180	2	2	2
CDN75_RS22185	2	2	3
CDN75_RS22190	2	2	3
CDN75_RS22195	2	2	2
CDN75_RS22200	2	2	2
CDN75_RS22205	2	2	2
CDN75_RS22210	2	2	2
CDN75_RS22215	2	2	2
CDN75_RS22220	2	2	2
CDN75_RS22225	2	2	2
CDN75_RS22230	2	2	2
CDN75_RS22235	2	2	2
CDN75_RS22240	2	2	2
CDN75_RS22245	2	2	2
CDN75_RS22250	2	2	2
CDN75_RS22255	2	2	2
CDN75_RS22260	2	2	1
CDN75_RS22265	2	2	2
CDN75_RS22270	2	2	2
CDN75_RS22275	2	2	2
CDN75_RS22280	2	2	2
CDN75_RS22285	2	2	2
CDN75_RS22295	2	2	2
CDN75_RS22300	2	2	2
CDN75_RS22305	2	2	2
CDN75_RS22310	2	2	2
CDN75_RS22315	2	2	2
CDN75_RS22320	2	2	2
CDN75_RS22325	2	2	2
CDN75_RS22330	2	2	3
CDN75_RS22335	2	2	3
CDN75_RS22340	2	2	3
CDN75_RS22345	2	2	3
CDN75_RS22350	2	2	3
CDN75_RS22355	2	2	2
CDN75_RS22360	2	2	2
CDN75_RS22365	2	2	2
CDN75_RS22370	2	2	3
CDN75_RS22375	2	2	3
CDN75_RS22380	2	2	3
CDN75_RS22385	2	2	2
CDN75_RS22390	2	2	2
CDN75_RS22395	2	2	2
CDN75_RS22405	2	2	2
CDN75_RS22410	2	2	2
CDN75_RS22415	2	2	2
CDN75_RS22420	2	2	2
CDN75_RS22425	2	2	2
CDN75_RS22430	2	2	2
CDN75_RS22435	2	2	2
CDN75_RS22440	2	2	2
CDN75_RS22445	2	2	2
CDN75_RS22450	2	2	2
CDN75_RS22455	2	2	2
CDN75_RS22460	2	2	2
CDN75_RS22465	2	2	2
CDN75_RS22470	2	2	2
CDN75_RS22485	2	2	3
CDN75_RS22500	2	2	2
CDN75_RS22505	2	2	2
CDN75_RS22510	2	2	2
CDN75_RS22515	2	2	2
CDN75_RS22520	2	2	2
CDN75_RS22525	2	2	2
CDN75_RS22530	2	2	2
CDN75_RS22535	2	2	3
CDN75_RS22540	2	2	3
CDN75_RS22545	3	2	2
CDN75_RS22550	2	2	2
CDN75_RS22555	2	2	2
CDN75_RS22560	2	2	2
CDN75_RS22565	2	2	2
CDN75_RS22570	2	2	1
CDN75_RS22575	2	2	2
CDN75_RS22580	2	2	3
CDN75_RS22585	2	2	2
CDN75_RS22590	2	2	2
CDN75_RS22595	2	2	2
CDN75_RS22600	2	2	2
CDN75_RS22605	2	2	2
CDN75_RS22610	2	2	2
CDN75_RS22615	2	2	2
CDN75_RS22620	2	2	2
CDN75_RS22625	2	2	2
CDN75_RS22630	2	2	2
CDN75_RS22635	2	2	2
CDN75_RS22640	2	2	2
CDN75_RS22645	2	2	2
CDN75_RS22650	2	2	2
CDN75_RS22655	2	2	2
CDN75_RS22660	2	2	2
CDN75_RS22665	2	2	2
CDN75_RS22670	2	2	2
CDN75_RS22675	2	2	2
CDN75_RS22685	2	2	2
CDN75_RS22690	2	2	2
CDN75_RS22695	2	2	2
CDN75_RS22700	2	2	1
CDN75_RS22705	2	2	2
CDN75_RS22710	2	2	2
CDN75_RS22715	2	2	2
CDN75_RS22720	2	2	2
CDN75_RS22725	2	2	2
CDN75_RS22730	2	2	2
CDN75_RS22735	2	2	2
CDN75_RS22740	2	2	2
CDN75_RS22750	2	2	2
CDN75_RS22755	2	2	2
CDN75_RS22760	2	2	2
CDN75_RS22765	2	2	2
CDN75_RS22770	2	3	2
CDN75_RS22775	2	2	2
CDN75_RS22780	2	2	2
CDN75_RS22785	2	2	3
CDN75_RS22790	2	2	2
CDN75_RS22795	2	2	2
CDN75_RS22800	2	2	2
CDN75_RS22805	2	2	2
CDN75_RS22810	2	2	2
CDN75_RS22815	2	2	2
CDN75_RS22820	2	2	2
CDN75_RS22825	2	2	2
CDN75_RS22830	2	2	2
CDN75_RS22835	2	2	2
CDN75_RS22840	2	2	2
CDN75_RS22845	2	2	2
CDN75_RS22855	2	2	2
CDN75_RS22860	2	2	2
CDN75_RS22865	2	2	2
CDN75_RS22870	2	2	2
CDN75_RS22875	2	2	2
CDN75_RS22880	2	2	2
CDN75_RS22885	2	2	2
CDN75_RS22890	2	2	2
CDN75_RS22895	2	2	2
CDN75_RS22900	2	2	2
CDN75_RS22905	2	2	2
CDN75_RS22910	2	2	2
CDN75_RS22915	2	2	2
CDN75_RS22920	2	2	1
CDN75_RS22925	2	2	3
CDN75_RS22930	2	2	3
CDN75_RS22935	2	2	3
CDN75_RS22940	2	2	3
CDN75_RS22945	2	2	3
CDN75_RS22950	2	2	3
CDN75_RS22955	2	2	3
CDN75_RS22960	2	2	3
CDN75_RS22965	1	2	3
CDN75_RS22970	2	2	3
CDN75_RS22975	2	2	2
CDN75_RS22980	2	2	2
CDN75_RS22985	2	2	2
CDN75_RS22990	2	2	2
CDN75_RS22995	2	2	1
CDN75_RS23000	2	2	1
CDN75_RS23005	2	2	2
CDN75_RS23015	2	2	3
CDN75_RS23020	2	2	2
CDN75_RS23025	2	2	2
CDN75_RS23030	1	2	2
CDN75_RS23035	2	2	1
CDN75_RS23040	2	2	1
CDN75_RS23045	2	2	2
CDN75_RS23050	2	2	2
CDN75_RS23055	2	2	3
CDN75_RS23060	2	2	2
CDN75_RS23065	2	2	2
CDN75_RS23070	2	2	2
CDN75_RS23075	2	2	3
CDN75_RS23080	2	2	3
CDN75_RS23085	2	2	3
CDN75_RS23090	2	2	2
CDN75_RS23095	2	2	2
CDN75_RS23100	2	2	3
CDN75_RS23105	2	2	3
CDN75_RS23115	2	2	3
CDN75_RS23120	2	2	2
CDN75_RS23125	2	2	2
CDN75_RS23130	2	2	2
CDN75_RS23135	2	2	2
CDN75_RS23140	2	2	2
CDN75_RS23145	2	2	2
CDN75_RS23150	2	1	2
CDN75_RS23155	2	2	2
CDN75_RS23160	2	2	2
CDN75_RS23165	2	3	2
CDN75_RS23175	2	2	2
CDN75_RS23200	2	2	3
CDN75_RS23205	2	2	3
CDN75_RS23210	2	2	3
CDN75_RS23215	2	2	2
CDN75_RS23220	2	2	2
CDN75_RS23225	2	2	2
CDN75_RS23235	2	2	2
CDN75_RS23250	2	2	2
CDN75_RS23255	2	2	2
CDN75_RS23265	2	2	2
CDN75_RS23275	2	2	2
CDN75_RS23280	2	2	2
CDN75_RS23285	2	2	2
CDN75_RS23290	2	2	2
CDN75_RS23295	2	2	2
CDN75_RS23300	2	2	2
CDN75_RS23305	2	2	2
CDN75_RS23310	2	2	2
CDN75_RS23315	2	2	1
CDN75_RS23320	1	2	2
CDN75_RS23325	1	2	2
CDN75_RS23340	2	3	2
CDN75_RS23345	2	2	2
CDN75_RS23350	2	2	1
CDN75_RS23355	2	2	2
CDN75_RS23360	2	2	3
CDN75_RS23365	2	2	3
CDN75_RS23370	2	2	2
CDN75_RS23385	2	2	2
CDN75_RS23390	2	2	2
CDN75_RS23395	2	2	3
CDN75_RS23400	2	2	3
CDN75_RS23405	2	2	3
CDN75_RS23415	2	2	2
CDN75_RS23420	2	2	2
CDN75_RS23425	2	2	2
CDN75_RS23430	2	2	2
CDN75_RS23435	2	3	2
CDN75_RS23440	2	2	2
CDN75_RS23445	2	2	2
CDN75_RS23455	2	2	2
CDN75_RS23460	2	2	2
CDN75_RS23465	2	2	2
CDN75_RS23470	2	2	2
CDN75_RS23475	2	2	2
CDN75_RS23480	2	2	2
CDN75_RS23485	2	2	2
CDN75_RS23490	2	2	2
CDN75_RS23495	2	2	2
CDN75_RS23500	2	2	2
CDN75_RS23505	2	2	2
CDN75_RS23510	2	2	2
CDN75_RS23515	2	2	1
CDN75_RS23520	2	2	1
CDN75_RS23525	2	2	1
CDN75_RS23530	2	2	1
CDN75_RS23535	2	2	1
CDN75_RS23540	2	2	1
CDN75_RS23545	2	2	1
CDN75_RS23550	2	2	1
CDN75_RS23555	2	2	2
CDN75_RS23560	2	2	1
CDN75_RS23565	2	2	2
CDN75_RS23570	2	2	2
CDN75_RS23580	2	2	2
CDN75_RS23585	2	2	2
CDN75_RS23590	2	2	2
CDN75_RS23595	2	2	2
CDN75_RS23600	2	2	2
CDN75_RS23605	2	2	2
CDN75_RS23610	2	2	2
CDN75_RS23615	2	2	2
CDN75_RS23620	2	2	2
CDN75_RS23625	2	2	2
CDN75_RS23630	2	2	2
CDN75_RS23635	2	2	2
CDN75_RS23640	2	2	2
CDN75_RS23645	2	2	2
CDN75_RS23650	2	2	2
CDN75_RS23655	2	2	1
CDN75_RS23660	2	2	2
CDN75_RS23665	2	2	2
CDN75_RS23670	2	2	2
CDN75_RS23675	2	2	2
CDN75_RS23680	2	2	2
CDN75_RS23685	2	2	2
CDN75_RS23690	2	2	2
CDN75_RS23695	2	2	2
CDN75_RS23700	2	2	2
CDN75_RS23705	2	2	2
CDN75_RS23710	1	2	3
CDN75_RS23715	2	2	2
CDN75_RS23720	2	2	2
CDN75_RS23725	2	2	2
CDN75_RS23730	2	2	3
CDN75_RS23735	2	2	2
CDN75_RS23740	2	2	2
CDN75_RS23745	2	2	2
CDN75_RS23750	2	2	2
CDN75_RS23755	2	2	2
CDN75_RS23760	2	2	2
CDN75_RS23765	2	2	2
CDN75_RS23770	2	2	2
CDN75_RS23775	2	2	2
CDN75_RS23780	2	2	2
CDN75_RS23790	2	2	2
CDN75_RS23795	2	2	2
CDN75_RS23800	2	2	2
CDN75_RS23805	2	2	2
CDN75_RS23810	2	2	2
CDN75_RS23815	2	2	2
CDN75_RS23820	2	2	2
CDN75_RS23825	2	2	2
CDN75_RS23830	2	2	2
CDN75_RS23835	2	2	2
CDN75_RS23840	2	3	2
CDN75_RS23845	2	2	2
CDN75_RS23860	2	2	2
CDN75_RS23870	2	2	2
CDN75_RS23885	2	2	2
CDN75_RS23890	2	2	2
CDN75_RS23895	2	2	2
CDN75_RS23900	2	2	2
CDN75_RS23910	2	2	2
CDN75_RS23920	2	2	2
CDN75_RS23930	2	2	2
CDN75_RS23950	2	2	2
CDN75_RS23960	2	2	2
CDN75_RS23970	3	2	2
CDN75_RS23975	3	2	2
CDN75_RS23980	2	2	2
CDN75_RS23985	2	2	2
CDN75_RS23990	2	2	2
CDN75_RS24000	2	2	2
CDN75_RS24005	2	2	2
CDN75_RS24015	2	2	3
CDN75_RS24025	2	2	2
CDN75_RS24030	2	3	2
CDN75_RS24035	2	2	3
CDN75_RS24040	3	2	2
CDN75_RS24045	2	2	2
CDN75_RS24050	2	2	2
CDN75_RS24060	2	3	2
CDN75_RS24065	3	2	2
CDN75_RS24085	2	2	2
CDN75_RS24090	2	2	2
CDN75_RS24115	2	2	2
CDN75_RS24120	2	2	2
CDN75_RS24130	2	2	2
CDN75_RS24145	2	2	2
CDN75_RS24150	2	3	1
CDN75_RS24155	2	2	2
CDN75_RS24160	2	2	3
CDN75_RS24165	2	3	1
CDN75_RS24175	2	3	2
CDN75_RS24180	2	2	2
CDN75_RS24195	2	2	2
CDN75_RS24200	2	2	2
CDN75_RS24205	2	2	2
CDN75_RS24210	2	2	3
CDN75_RS24215	2	2	2
CDN75_RS24220	2	2	2
CDN75_RS24230	3	2	2
CDN75_RS24240	2	2	2
CDN75_RS24260	2	3	2
CDN75_RS24270	2	3	2
CDN75_RS24275	2	2	1
CDN75_RS24300	2	1	2
CDN75_RS24315	2	3	2
CDN75_RS24320	2	2	2
CDN75_RS24335	2	2	2
CDN75_RS24340	2	2	2
CDN75_RS24345	2	2	3
CDN75_RS24350	2	2	2
CDN75_RS24355	2	3	2
CDN75_RS24360	2	2	1
CDN75_RS24375	2	3	2
CDN75_RS24385	2	2	2
CDN75_RS24395	2	2	2
CDN75_RS24400	2	2	2
CDN75_RS24405	2	2	2
CDN75_RS24415	2	2	2
CDN75_RS24420	2	2	2
CDN75_RS24425	3	2	1
CDN75_RS24430	2	2	2
CDN75_RS24435	2	2	2
CDN75_RS24440	2	2	2
CDN75_RS24445	2	2	2
CDN75_RS24450	2	2	2
CDN75_RS24455	3	2	2
CDN75_RS24460	2	2	3
CDN75_RS24465	2	2	2
CDN75_RS24475	2	2	2
CDN75_RS24480	2	2	2
CDN75_RS24495	2	2	2
CDN75_RS24510	2	2	2
CDN75_RS24520	3	2	2
CDN75_RS24555	2	2	2
CDN75_RS24585	3	2	2
CDN75_RS24590	2	2	2
CDN75_RS24595	1	2	2
CDN75_RS24600	2	2	1
CDN75_RS24605	2	2	2
CDN75_RS24610	2	2	2
CDN75_RS24615	2	2	2
CDN75_RS24630	2	2	2
CDN75_RS24635	2	2	2
CDN75_RS24645	2	2	2
CDN75_RS24650	2	2	2
CDN75_RS24675	2	2	2
CDN75_RS24680	2	2	2
CDN75_RS24685	2	2	2
CDN75_RS24700	2	2	2
CDN75_RS24730	2	3	2
CDN75_RS24735	2	2	2
CDN75_RS24740	1	2	2
CDN75_RS24755	2	2	2
